Date,AAPL,MSFT,NVDA,AMD,AVGO,ORCL,CRM,ADBE,QCOM,TXN,AMAT,MU,IBM,CSCO,INTU
2025-01-02,-0.0262359820000041,-0.0069275816432273,0.0299351195790027,-0.0013246432725939,0.0006038980217539,-0.0036605767231391,-0.0109772996369249,-0.0082755975901627,0.0001300728007618,-0.002986419339649,0.0076246475836567,0.0376664053674153,0.0005003507360552,-0.0016891131770209,-0.0090851215322728
2025-01-03,-0.0020094463943381,0.0113956795257916,0.0445376667566037,0.0392937544647897,0.0024571676037312,0.0017468139388254,0.0067744191077534,-0.0236507770425878,0.027271631662864,0.0190425096955497,0.0377738552414383,0.0290850791513712,0.0123215363641424,0.0027256138374713,0.0119461075399616
2025-01-06,0.0067390061668055,0.0106294844174517,0.0343325153963467,0.0333413114269851,0.0165986210300721,-0.003788111244908,-0.0071191773378589,0.0014166926195191,0.0127987056918725,0.0087658881356456,0.043631579975407,0.1044842578893352,8.974293776509157e-05,-0.001528998720553,-0.0080444875353837
2025-01-07,-0.0113877149518634,-0.0128082700903465,-0.0621696239717558,-0.0171362498526239,-0.0328668032442637,-0.0220893918425978,-0.0169426126196305,-0.0198292776524948,0.0041912590339057,0.0001562412145414,0.0019159211050343,0.0266975940082725,0.0057933838611952,0.0027224346530134,-0.0155639444941266
2025-01-08,0.0020230522329021,0.0051849841047191,-0.00021405549675,-0.0431163544664702,0.0029304939394239,0.0068506390527236,0.0060629796992652,-0.0072167576256034,-0.0089708229087361,-0.0028615701845464,-0.0046677360502697,-0.0245314297906168,-0.0034826887674311,0.004581748192012,0.0172562251362602
2025-01-10,-0.0241037884450303,-0.0132135863585678,-0.0299764761212125,-0.0476033781737693,-0.0218046372432948,-0.0506329258794897,-0.0276844585410743,-0.0325563029259942,-0.0132008686395639,-0.0078784923992888,-0.0301713267731701,-0.000704245155281,-0.0153688585744409,-0.0077702730156412,-0.0025279623642668
2025-01-13,-0.01034417252455,-0.0042009383360923,-0.0197190937645291,0.011030668469476,0.0043689879224355,-0.0037541859122691,0.0038383284442409,0.0063558989133827,0.0009554685213879,0.0049435470413103,-0.0046022183284598,-0.0430843668282254,-0.0106939842955626,0.0003403522652658,-0.016377168948774
2025-01-14,-0.0047782003738834,-0.0036433921244166,-0.0110334090014164,-0.0104841745664261,-0.0026188245600869,0.0155277098014572,0.0140095428260249,0.0103059766342181,0.0152741070388962,0.012611877608865,0.0163290425687945,0.0241952890452767,0.0016098864975311,0.0097006315043799,0.0172531988995883
2025-01-15,0.0196758908787861,0.0255970790853481,0.0340012799597686,0.0333362293794723,0.0146862910275638,0.0127951616340169,-0.0073561469630105,0.0110731686143734,0.0305898508834412,0.0207234054434757,0.027238777286733,0.0598809583369912,0.0104707477785301,0.0109556363125926,-0.0037671418800951
2025-01-16,-0.0404001141375641,-0.0040581502324681,-0.0195977481433623,-0.0126708624096942,0.0061842023661986,0.0077694472462708,-0.0036118920871657,0.0231259440297024,-0.0181255862952295,-0.0513391423408023,0.045408762880035,-0.0057177821257669,0.011953035145658,-0.0026675797026216,-0.0228177349795324
2025-01-17,0.0075352460755075,0.0104810885844355,0.0309949328363416,0.0254981136509215,0.0350028261494708,0.009339385318061,0.0142499648818408,0.0071674457430719,0.019389415707218,0.0269520367368558,0.0298690450684402,0.0307018290330634,0.0095660960150727,0.0068538246258327,-0.005170691861551
2025-01-21,-0.0319158589730363,-0.0012353137796325,0.0226562624840425,0.0067511913469875,0.0120872137650753,0.0716637328347216,0.0070248306121667,0.0148142869877399,0.0164680957338658,0.0146035007054388,0.0042696689232717,0.0343262338204855,-0.0023577345205462,0.0132825374046021,0.0087397460604734
2025-01-22,0.0053449700047674,0.0413069661145162,0.0443088734396008,0.0120215998967772,0.0024968115445846,0.0675087925940742,0.0176845942104511,0.0022000687617651,0.0177557560888386,0.0093223880419124,0.0136880178116056,-0.0013714124708209,-0.0044591050237713,0.0098311889782756,0.0037251415100665
2025-01-23,-0.0007594781952575,0.0011428636284238,0.0010199493828297,-0.0057373663391729,-0.0026151643482198,0.01221362366176,0.0061331317574948,-9.14857409947123e-05,0.0242012075101711,0.0180663833837477,-0.0246023109235894,-0.0401903935201415,0.0124517635600438,0.0097355416403164,-0.0218743670787101
2025-01-24,-0.0039345742628749,-0.0059321803085292,-0.0312458512056947,-0.0016255248386581,0.018395310576305,-0.0153911206129846,-0.0023307507342118,-0.00434502813252,-0.0129045109391718,-0.0752206782484166,-0.0207132037326462,-0.0157381452910227,-0.0054857378742939,0.0,-0.0005847675453287
2025-01-27,0.0317802178622927,-0.0213936140429249,-0.169681712016729,-0.0637414069935539,-0.1739681562925608,-0.1379085096612623,0.039595121035564,0.0073958408392453,-0.0054035440019022,0.0081394983229954,-0.06522082282517,-0.1170657219117422,-0.0029803865465906,-0.0506186813617839,0.0144995588121703
2025-01-28,0.0365440155206242,0.0290869894500835,0.0892587034312382,-0.0073037470801031,0.0258745083516196,0.0361383177859693,0.0370210432548134,0.0096671002630452,0.002161524224399,-0.034539922600019,-0.0098527525613598,-0.031390539378682,0.0068263688875502,0.0059241568560339,-0.0098251132495174
2025-01-29,0.0046168090986304,-0.0108900320817817,-0.0410109937550372,0.0278532044860866,-0.0048707686510837,-0.0120730136860676,-0.0165302128867661,-0.0026194645282768,0.0009327418191038,-0.0016615453704712,0.0140584133591126,0.0086119527826189,0.0131615037032211,0.0020192003178489,-0.0127692957215721
2025-01-30,-0.0073947640069262,-0.0618090563468155,0.0076798266127746,0.0128675087845311,0.0451174554922175,0.0515985379825085,-0.0294632378444325,0.0097808535497552,0.0012810724776459,0.0277361245776119,0.0367411953303609,0.0392088617914789,0.1296416446027368,0.0154492080219867,0.0195787115405114
2025-01-31,-0.0066921551124439,0.0001686141501797,-0.0367428477555143,-0.0244826152378123,0.0260132303260203,-0.0018781401593408,-0.0054428040550102,-0.0191703762174186,0.0058162480988144,0.0038062878460989,-0.0075390280500678,-0.0136215556340478,-0.0099508389431216,0.0021497803561838,-0.0051107857455475
2025-02-03,-0.0338559738558059,-0.0099743825585049,-0.0284000365016781,-0.0144890068942882,-0.0159986959566134,-0.0085852241343495,-0.0071992074366511,0.0026288578452253,-0.0155552042122317,-0.0198797510557711,-0.0085943103118016,-0.0144673437808746,0.0196715459362548,0.007260726201459,-0.0012468713708184
2025-02-04,0.0210078826788635,0.0035286253683635,0.0170579650666771,0.0457688239308349,0.0215864847662055,-0.0042112129747891,0.0144438513842797,0.0037163813500444,0.0164471979040004,-0.002100204223439,-0.0013424506377633,0.0082295389010331,0.0143061496439078,0.0049148540934991,-0.0150477105815352
2025-02-05,-0.001417487410721,0.0022310715920577,0.0520860353543484,-0.0626778063913768,0.0430246596995915,0.0224552809436253,0.011012910565316,-0.0059060173968839,0.0162968128912306,0.0057046535592903,0.0118168306881287,0.032428808546759,-0.0043865045905029,0.0200520902808201,-0.0058470990351026
2025-02-06,0.0032261593240092,0.0061215272212951,0.0308417819864925,-0.0165163685281521,-0.0027584969339006,0.0040195055651006,-0.0492052256688456,-0.0050956537747571,-0.0371884982078798,0.0093065297563093,0.0117893089559513,0.0100428368690332,-0.0374477548403789,-0.0047945471809899,0.0032977930024986
2025-02-07,-0.0239686874661435,-0.014597672853059,0.0090148023981677,-0.023602088027253,-0.0280516152285082,0.0122425844537503,-0.0150540123096737,-0.0053513702455851,-0.0080321647699906,-0.0178960682495847,-0.0153170748940796,-0.0236936470429643,-0.0043402794072466,0.0,-0.0192307853693127
2025-02-10,0.0011872561854502,0.006028136427951,0.0287276945049759,0.0271476930514911,0.0452261997200424,0.025564539762485,0.0042047238901767,0.0416329888340631,0.0202428663589524,0.0017221608099518,0.020333315165355,0.0393282667483161,-0.0055850417836488,0.0086719900686007,0.0138031744103117
2025-02-11,0.0218318313644101,-0.0018921642421634,-0.005764828232419,0.0056118310857073,0.0,-0.0096691678878695,-0.0085574747457591,0.0171137244873624,0.0036765246831746,-0.0058787447154602,-0.0025047468212008,-0.0192848574604954,0.0217836131100075,-0.0060501083750955,-0.0016357954454939
2025-02-12,0.018270203159199,-0.0058332310742903,-0.0125000546592587,0.0055805828541612,0.005573516424618,-0.0280488786588983,0.0053021044154446,0.0085872507268893,-0.0098844550451997,0.0041282735636567,-0.0126091552342478,-0.0255103357453477,0.004358075440437,0.0016018083759672,-0.0159418767536603
2025-02-13,0.0196731999859343,0.0036670664517737,0.0316455932210104,0.0008055526038961,-0.0023269986967107,0.0095227083017526,0.0114375913900643,-0.0076497719556942,0.0109226837452147,0.0045003337454536,0.0186853777530313,0.0434119350847195,0.0132129551991155,0.0209499424435153,0.0127657198268293
2025-02-14,0.0127106343167819,-0.0051395810320049,0.026313931673757,0.0115374380081827,-0.0117049917919436,0.0017254737978036,-0.0100349530178426,0.002046954485666,0.0004646538987538,0.0123340345851736,-0.0817821212703039,0.0403510874627439,0.0080636750320668,0.0161340444118749,0.0059599736276283
2025-02-18,-0.0005314235032046,0.0029626066644246,0.0039608835646169,0.0104332477550455,-0.0193528792916002,0.0323840651128444,0.0074111913556049,0.0085839309327577,0.008186773652123,0.0187401099602571,0.0165483236911248,0.0730508153051183,0.0068507831469022,-0.0043163637893258,-0.0126663132816311
2025-02-19,0.0016361538037281,0.0125232620364996,-0.0012193473581117,0.0035877114673512,0.0008752165557459,0.0095661641776729,-0.0134669090640848,-0.0153411806294021,0.0090993475521681,0.0528799891734992,0.0119767557484322,-0.0227550521380894,0.0047515887782525,0.0038706031718434,0.0038797402233043
2025-02-20,0.0039204550544296,0.0052905621365586,0.0063205125250109,-0.0045339982683024,-0.0087001917333787,-0.0304097858553217,-0.0187963244130179,-0.0050329062826718,-0.0086750014119878,0.0389160145193061,0.0135322315289323,-0.011306919795285,0.0015890274975303,-0.0026218011544658,-0.0053420739421132
2025-02-21,-0.0011389590576884,-0.0190324230230457,-0.0405396444107447,-0.0291670481252618,-0.0356356230553343,-0.0465343126763149,-0.0271017865352796,-0.0228067365930787,-0.0476108307481942,-0.0096097229555555,-0.0228963123066737,-0.0420624878127751,-0.0123139014552279,-0.0106695877754888,-0.0235027899452916
2025-02-24,0.0063123665336812,-0.0103133706459773,-0.030870994283646,-0.0246300597053142,-0.0490714784717213,0.0128122454740511,-0.0047773598248145,0.0002250767506912,-0.0261740959219921,-0.0062376264454121,-0.0198278617394267,-0.0347023721567101,0.0014913362545145,-0.0115660335890223,0.0031301586057244
2025-02-25,-0.0002429723174822,-0.0150991257963238,-0.028016674607738,-0.03838684212792,-0.0259222740539212,-0.008354756664413,-0.0079136385925137,-0.0022726468995736,0.0007447874416355,-0.0037859434299443,-0.017974905853286,-0.0229537357978034,-0.0157329857246678,0.0162871181898998,-0.0204674922222154
2025-02-26,-0.0270400648447923,0.0045992820432667,0.0367211039471377,0.007502874049307,0.0513479981587774,0.0233176735334155,0.0047402754961518,-0.0043075339896139,0.0054583939558181,-0.0087009374725336,0.0179414162170556,0.0481656855876024,-0.0074102066177855,-0.0029563046829549,0.1257672180939062
2025-02-27,-0.012730832290805,-0.0180121482604007,-0.0847805222719593,-0.0499331280714887,-0.0710998844515571,-0.0447034576301448,-0.0404449513225873,-0.009762168875637,-0.0472546174075789,-0.0350081197922539,-0.0704409564466184,-0.0602804367212219,-0.0102017097612618,-0.0042133979285121,-0.0401113987767989
2025-02-28,0.0191317957377248,0.0113620706101813,0.0397003055552447,0.0035172190393679,0.0082406097416822,0.0078902455418186,0.0100032422519129,0.0031336377994395,0.0176766859961043,0.0245165659043664,0.0091293897030733,0.0197125058679592,-0.0031195971441567,0.004701437492059,0.0223511022116
2025-03-03,-0.0157541690235433,-0.02141108002082,-0.0869356324043849,-0.0163228243886972,-0.0604722462369797,-0.0243284055281345,-0.0160817964843731,0.0049252181551755,-0.0225869896132433,-0.0081636876937013,-0.0375783617974158,-0.033002169459294,-0.0089130613175859,-0.0098269477260974,-0.0207709384175166
2025-03-04,-0.0088224662886385,0.0003088206817996,0.0169210057197397,0.0256540421149087,0.0005869763821388,-0.0280829288938132,-0.0195182379511027,0.0120484605733484,0.0054679815235074,0.0023149406615372,0.004864162935577,0.0072895551734524,0.0120708184232372,-0.0034655654546174,-0.005024239517144
2025-03-05,-0.0008052980890261,0.0319343177122382,0.0112940593674595,0.0091314954734025,0.0218690029299455,0.0259729955204119,0.0161132396467267,0.0116808095180525,0.0260910081739977,0.003746635157537,0.01602679350188,0.0344297106018163,-0.0073456644304688,0.0110654181652554,0.0325048131699177
2025-03-06,-0.001739234658667,-0.0102986312577122,-0.0573742471412832,-0.0277367930128041,-0.0633156627905475,-0.0657339111489797,-0.0202759895557801,-0.0143160881014176,-0.0101499120997845,-0.0318556648157385,-0.0243370738367251,-0.0537417632871399,-0.0105829390908158,-0.008599078021106,-0.0180403970383244
2025-03-07,0.0158926182371048,-0.0090201637741271,0.019173356071193,0.0147698442793084,0.0864309151180409,0.0279581488961739,-0.0110469712676646,0.0103871467464073,0.0331967400426604,0.0062323199449194,0.027319575149989,0.0413352568252003,0.0516709196310094,0.0083581286880933,0.005343263207173
2025-03-10,-0.0484794623050299,-0.0334341657979706,-0.050670045456219,-0.0366862764902989,-0.0539085952975756,-0.0410545591535486,-0.0353141239579958,-0.0318647252307645,-0.0387048979032319,-0.0211526272360036,-0.0365491751872791,-0.0632529237043904,-0.0177411674229653,-0.0294024614313245,-0.0489328681997496
2025-03-11,-0.0291894555634802,0.000762906235816,0.0166386797218605,0.0013453884560459,0.0305774382006807,-0.0309832726462483,0.0152071269931199,-0.0032637284039274,-0.0121306048574605,-0.0490643201033746,-0.0200013503940653,0.0226229865768861,-0.0309459871383026,-0.0223976897086879,0.0119528600292786
2025-03-12,-0.0174786933298141,0.0074122322204035,0.0642759249387316,0.0416494283828452,0.0217791258676933,0.0465391538969814,0.0271791420162852,0.0113914181609777,-0.0019594024186063,-0.0092478370001263,0.0140824067442195,0.0740031832359435,0.0027315457560965,-0.0034613143284178,0.0075505963718558
2025-03-13,-0.0336436351368844,-0.0117411142994502,-0.0013824634742628,-0.0265899422644305,-0.0147762353383542,-0.0214062757962009,-0.0451192381292099,-0.1385317120841188,-0.00562837771647,-0.0119521664821229,0.0059709469069688,-0.0079463570648312,-0.0153426915179669,-0.0130664765522221,-0.0166120253376013
2025-03-14,0.0181706345789485,0.0258468674360501,0.0526907508087102,0.0291509590516687,0.0218435790101367,0.0109034174587752,0.0281888979046867,0.044727911444746,0.0305383893112336,0.0162442810924348,0.0380793466378861,0.0622891067741071,0.0103742941664077,0.013909697196907,0.0300695112824436
2025-03-17,0.002388749211079,0.0003603184031335,-0.0175885884596073,0.0358521845441479,-0.0053185932088221,0.0317544673062319,0.0048316299717965,0.0116532558578228,0.008749426164573,0.0202357038833209,-0.0012848659134728,0.0230182448547455,0.0186027907040471,0.0064464045708889,0.0055276472314305
2025-03-18,-0.0061214293752629,-0.0133265032543038,-0.0343009413164879,-0.0103259799165792,-0.0299743330710097,-0.0296085159491635,-0.0071950017121792,-0.0199579338252898,-0.0105096622544965,-0.0030000174036344,-0.0125435346599103,-0.0134808392805148,-0.0237973716815349,-0.0096896260392242,-0.005115263344496
2025-03-19,0.0119891760826622,0.0112119559483352,0.0181061375647086,0.0262776655836922,0.0365719600775527,0.020073514436864,0.0023680128308436,-0.0088917916860438,0.012604782026808,0.0127612196033026,0.0061887673967142,0.0033425521937786,0.0216238239642789,0.013598598948479,0.0068109416181822
2025-03-20,-0.0052963167234031,-0.0025268825449781,0.008594317626861,0.0085662807489259,-0.0227717216822408,0.0017713040597457,-0.001288561823121,0.0044341711262763,-0.0019588033294308,-0.0058326618092925,-0.0005181387482159,0.009210285983751,-0.0355541851873983,-0.0081805731291546,-0.0044602601690113
2025-03-21,0.0194768264540021,0.0114257881429344,-0.0070024781133078,-0.0065334791135888,0.0058781673268759,-0.0032085849541746,0.0056981866378518,-0.0060316102622909,-0.0071540684453811,-0.0092982403296234,-0.0146391167904273,-0.0803883854947843,0.0022602974085759,-0.0052787682167297,0.0060291334907074
2025-03-24,0.0112704311747584,0.0046515789659404,0.031520908262874,0.0696166465873011,-0.0021393109172863,0.0173422244707339,0.0190293970061816,0.0186179602160361,0.0207880772925035,0.0363688365145276,0.0186036119337196,0.0234375846473566,0.0187805215369596,0.0111112106551796,0.0149827072148986
2025-03-25,0.0136819115912467,0.0052916669280029,-0.0059303958635675,0.0084321396340718,-0.0156339444860035,-0.0060696161308294,0.0092670066062576,0.0232464151883726,0.0004373795725234,-0.0083014898625233,-0.0084543110072273,-0.0284712834835095,0.0058361330210212,0.0003279684099999,0.0091826778495012
2025-03-26,-0.0099218406362877,-0.013133912343619,-0.0574197877930923,-0.040240355504142,-0.0477529653080077,-0.0398233506071793,-0.0264024393831369,-0.0144436053866502,-0.0109898014830149,0.0028266746241241,-0.0192658320226284,-0.0217667282346338,0.0017607775763224,0.013280854902907,-0.0062385613034084
2025-03-27,0.010472665543175,0.0015641637465202,-0.0204817579505656,-0.0321263348497495,-0.0406091684659992,-0.0136670324650435,-0.0113169904393235,-0.0041728555649607,-0.0026514864761225,-0.0202180274624561,-0.019909761944829,-0.0105286968151301,-0.0164976253160675,-0.0064724221143747,0.0007155267595024
2025-03-28,-0.0265803895217248,-0.0301602379515788,-0.0157946776919409,-0.0321612776005773,-0.0166872161899428,-0.0336809368846424,-0.0282208696678437,-0.0263536604878359,-0.0332342740934868,-0.0245076737730737,-0.0177411051797,-0.0298376136227016,-0.0089760786343108,-0.008794866219054,-0.0266210825224679
2025-03-31,0.0194127010631854,-0.0090021692062208,-0.0117625430098848,-0.0046502940443418,-0.0099928104165513,-0.0075246307318374,-0.0059635178808904,-0.0056518957871879,0.0058277646807676,0.0191120434180693,0.0004136797617084,-0.0162468735694972,0.0190984277211341,0.013966410949155,0.0251619755203911
2025-04-01,0.0047719777324739,0.0181146088701513,0.0163315134963701,0.0003893412143183,0.0065100801017659,0.0152349650290648,0.0068564848076269,-0.000860393120006,-0.0036456998873403,-0.0095158692462674,0.0037211534396637,0.0209460415286997,0.0067562118408972,0.0014585116535559,-0.0003420357155065
2025-04-02,0.0031363356171891,-0.0001308702630589,0.0024510699831183,0.0017513164751277,0.0211844014581028,0.0276173895699716,0.004959121128836,0.0067327413624187,0.0067297285782987,0.0011235038244461,0.0143483519438467,-0.001240057638279,-0.0014380754142278,0.0003236912930679,0.0116164487914252
2025-04-03,-0.0924560496610824,-0.0236301340035284,-0.0780654015525802,-0.0889665512253899,-0.105061306577292,-0.0591665283328863,-0.0600647659969647,-0.0480325544038839,-0.0951453450490865,-0.0785116394531622,-0.0828426362257624,-0.1609480271276318,-0.02596208532299,-0.0667645229477592,-0.0360437668756667
2025-04-04,-0.0728875318948253,-0.0355659088297894,-0.0735756756484954,-0.0857142926860137,-0.0501265774158999,-0.0652916873408577,-0.0566940020430467,-0.0495030433649591,-0.0857838513590234,-0.0780145697956107,-0.0631687436128671,-0.1294054097434647,-0.0657522751688686,-0.048333513092112,-0.0618179580103616
2025-04-07,-0.0367343026906346,-0.0055023978354905,0.0353089272917543,-0.0247201806643426,0.0536606167173732,-0.0086536483605307,0.0143297216393369,-0.0239779841910433,0.017731062691225,0.0172402694236886,0.0464751492829131,0.0563966671323095,-0.0074730742047121,-0.0023835851223149,-0.0094209696897396
2025-04-08,-0.0498180970082225,-0.0092215751203311,-0.0137237529478771,-0.0649210945098095,0.0122616456097153,-0.0209185713602182,-0.0009008080218246,-0.0020546292396546,-0.0390071134079974,-0.0518831605171941,-0.0292812664035752,-0.0413923047164561,-0.0210382415865558,-0.0224223591931564,-0.0218790045458081
2025-04-09,0.1532885256174954,0.1013368582830784,0.1872274103757605,0.238204800811929,0.1866306415083012,0.1220079977674619,0.0868067106204673,0.0724706313189338,0.1518529375875068,0.1608793400615422,0.1610577388549572,0.1881293014470928,0.0646066418726456,0.0928746105820925,0.0963295167718072
2025-04-10,-0.0423937845025884,-0.0234064335354391,-0.05912716977811,-0.0840561720102368,-0.06940302779859,-0.0419569526070678,-0.036388459788465,-0.0400121387378056,-0.064001713343338,-0.0761060773996336,-0.0767380869654738,-0.1004237651903544,-0.0244783439560803,-0.0264924166738431,-0.0301794437421484
2025-04-11,0.0405944235814184,0.0186181287934861,0.0312355754032245,0.0529876520782661,0.0559488320051591,-0.0074991707664437,-0.0004704290884784,0.0069133367008304,0.0360865680184785,-0.0574713259121295,0.0484664738376177,-0.0071377095649173,0.0258331849286748,0.0130766380545486,0.0165722411135165
2025-04-14,0.0220539965925832,-0.0016475569000955,-0.0019832679842997,0.0117772853977557,-0.0196768677023937,0.0173026606615118,-0.0017646220477666,-0.0044259016460721,-0.0004309924668054,0.0228996833199262,-0.0028288147522492,0.0211357421968436,0.0152029588822695,0.0013953431804942,0.0110897050743186
2025-04-15,-0.0018763741147476,-0.0053634957589254,0.0134585182166129,0.0083597980479084,0.0033079292086737,-0.0051990441808484,0.0014927352220484,-0.0015103552870131,-0.00423881264599,0.0013246011578864,0.0063654249196296,0.0002817424434651,0.0068601464534681,-0.0036578938893501,0.0008929898113152
2025-04-16,-0.0389333803213854,-0.0366060283963608,-0.0687165205710018,-0.0734599636136572,-0.0242526403733647,-0.0312079956871194,-0.0199662721717486,-0.0176665401996228,-0.0206349323027251,-0.0306257155926119,-0.0499141423085275,-0.0240709963250288,-0.0088491480412531,-0.0251749050531078,-0.0100996965440729
2025-04-17,0.0139495723606628,-0.0103064407583665,-0.0287109750728747,-0.0089477959829583,-0.0207318608680644,-0.0087855127772699,-0.0103265257854083,0.0133937224174525,0.006777551622034,0.0128967903761483,-0.0052823348642913,-0.0076446404993397,0.0010059939011743,0.0,-0.0045911862172349
2025-04-21,-0.0193927794173063,-0.0235465757645357,-0.0451274778152166,-0.0221714564732142,-0.0279547407330519,-0.0450939731574661,-0.044487586854123,-0.0159976684849474,-0.0038049515867938,-0.0190650858425521,-0.0138222994276835,-0.0299418466328902,-0.0108453716893118,-0.0249281753579921,-0.0282551806461108
2025-04-22,0.0340650764056218,0.02144125608148,0.0204312190427116,0.0081814469098988,0.0202754586621056,0.0359875613694782,0.0301786555113685,0.0194918781469974,0.0190981134912482,0.0078978085075336,0.0202123930152027,0.0519929255743558,0.0198120019857217,0.0123229811982048,0.0258773389448778
2025-04-23,0.0243316385025555,0.0206368941507069,0.0386288326945347,0.0478784738133377,0.0432243557421061,0.0326940770028343,0.0291301328941206,0.0058586144194616,0.0123971825232205,0.0367266392993312,0.0381778560053642,0.0387408285642976,0.0190120620182898,0.0107195046347969,0.021402967892053
2025-04-24,0.0184261132882348,0.0344825428993467,0.0362184435452948,0.0451377570373336,0.0635350104079088,0.0464992422612486,0.0567710943602646,0.0254290613260614,0.0480565245633384,0.065593284701042,0.0458978159990586,0.0615658156217002,-0.0657894897274693,0.0118641040018008,0.0315074133595902
2025-04-25,0.0043672828565983,0.0117481682377413,0.0430330778502088,0.0230761117498328,0.0221101718106917,0.0071268826467807,0.0119002799141101,0.0188689631473042,0.0091703636096871,0.0045024271986766,0.0091895337486411,0.0304831005932242,0.0134304367179385,0.0074612797499402,0.0151099642591654
2025-04-28,0.0041093472642881,-0.0017609053837774,-0.0205386931715689,-0.0026901410463077,0.0008320665268672,0.0119140931880685,-0.0082509078806666,0.0024474978067461,-0.0063274138062371,-0.0025788385638511,-0.0050148011085777,-0.0152920098838494,0.0161352835006056,0.0022923777679417,-0.0094373132795666
2025-04-29,0.0050917740555738,0.0073626804783237,0.0026671088777265,-0.0034236106768782,-0.006754339642608,0.0046382145219188,0.0079807170577268,0.0064023002018389,-0.0050127679002776,-0.0102806667405559,-0.0082233466007086,-0.0213848944118343,0.013677118034842,0.0087966616708241,0.0079581982157783
2025-04-30,0.0061078043925149,0.0030961718464534,-0.000917342982277,0.0134291166803379,0.0068002709824854,-0.0004971719637194,0.0035477844593732,0.0107822520932197,0.0107569796367259,0.0040146371839422,0.0077564835433048,0.0009104379205402,0.0101508395475735,0.0068014366072526,0.0069325207406325
2025-05-01,0.0038588185087002,0.0762535378185986,0.0246970795255065,-0.0071905183278279,0.0252507072008694,0.0338973755693505,0.0023074630570747,-0.0009333993633287,-0.0892493693345954,-0.011184019854823,-0.0116116054073144,0.0106562808202252,-0.0089322619700225,0.0067556931294332,-0.0068211622688431
2025-05-02,-0.0373617362212251,0.0232252138103501,0.0258938083398585,0.0222452301286639,0.0319768719676683,0.0360159215170619,0.0213490592998142,0.0166564080640763,0.0340208163433277,0.0394921988368828,0.0412191142249034,0.0379324880571196,0.0245764594680222,0.0208190662783265,0.0136235566438267
2025-05-05,-0.0314585312230804,0.0020447740450695,-0.0059388491508027,0.0181173403931484,-0.01433902321055,-0.0095534562098029,-0.0089061900144082,0.0004988642944891,-0.0026463384227934,-0.0127045604923878,-0.0031591134963228,-0.0037165819612829,0.0147831774971849,-0.0001686208373629,0.000791535559417
2025-05-06,-0.0019106974531591,-0.0065571836152723,-0.0024600378930009,-0.0195843887367409,-0.0031387683795873,-0.0106502563269564,0.0026773583111567,0.0050386118722396,0.0032989117795139,-0.0081885704616521,-0.0102194240541053,0.0011191719858325,-0.0002407423259274,-0.0016858324175602,-0.0089057976894492
2025-05-07,-0.0113847493874589,9.231617222149602e-05,0.0310022367808981,0.0176434578717332,0.0235893977646208,0.011306564102274,0.017815414797492,0.0051960681426947,0.031450942035927,0.0229684803820371,0.0181664250869535,0.026208009090054,0.0170598916120428,0.0059102450774304,0.0232863976657278
2025-05-08,0.0063185095327125,0.0111227163368115,0.0026483153171921,0.0133518964701202,0.0144524691640812,0.0062262677575724,0.0054271948026913,-0.0025456814380876,0.0055441177780428,0.0051581019258684,0.0012194227953312,0.0306219883073419,0.0030390982980428,0.002350128819806,0.0233022843142622
2025-05-09,0.005266073450536,0.0012779505976792,-0.0061344609527955,0.0112094338628998,0.0020696102392243,0.0002660929376403,-0.0154427501683985,-0.0018489842785869,0.0005512361765618,0.0400265625856774,-0.0025001020217902,0.0083381705573757,-0.012912985248873,0.0010048928006103,-0.0033533246635677
2025-05-12,0.0631461813685279,0.0240011289492236,0.0544363159054013,0.0513419544604361,0.0642650952847962,0.0457629080150745,0.0486528840182334,0.0330306921896004,0.0478027586138396,0.0871306705547747,0.0795579234845471,0.0748893431428916,0.0180177713551596,0.0317884149636258,0.0128768512334498
2025-05-13,0.0101522957002473,-0.000267116058223,0.0563412869942441,0.0401405496452211,0.048921324517678,0.0321205612198323,0.0012117697270379,0.0036874057838958,-0.0051275340666134,0.0049123360722369,0.0300017553310725,0.0502763450662127,0.0193147970927256,0.0017838148968742,-0.008304254739586
2025-05-14,-0.0028177398251642,0.008460592152937,0.0416379764029317,0.0467722050422523,-0.0012907694078104,0.0041905613678638,0.0054294150986859,0.0052088760845778,0.010836430191085,-0.0045695030059097,0.0064151224099002,-0.016609874498541,-0.0029776727796385,-0.0079313993838396,-0.0060443673918452
2025-05-15,-0.0041445071103577,0.002256121922437,-0.0037684467943137,-0.0231906500902538,0.0022403270281421,-0.0217858011278659,6.870188946095368e-05,0.0130673172071791,-0.0024184136317217,0.0026156068589739,0.0035028129964169,0.0013638224196645,0.0343650512803859,0.0484581585076593,0.0129893920674817
2025-05-16,-0.0008986563551572,0.0025158679238583,0.0042276321044369,0.0189581732818053,-0.0173229455086892,0.0068381939522539,0.0013411850240594,0.0307395842900948,-0.000720894636509,0.0035669601774075,-0.0525320333519806,0.0267154599929209,0.0003000948637772,-0.0099595909561913,0.0135640424278193
2025-05-19,-0.0117390145698917,0.0101260444935971,0.0012557052375559,-0.0207390999671435,0.0088359953776322,-0.0052963705859764,-0.0120898592048535,0.0085105069196977,0.0078687545313249,-0.0008488334905756,0.0022346594441569,0.0066327089700206,0.006185355821924,0.0047154825348529,0.0008653605086346
2025-05-20,-0.0091962902259735,-0.001525363508993,-0.0087778985408828,-0.0107198514069996,0.004552756110234,0.0041969194367204,0.0014949908162553,-0.0072977260094819,0.0007808442397772,0.0019647199955423,-0.0012655550453742,-0.0055753127783265,-0.0054394195837995,-0.007822251866031,0.0004470925441952
2025-05-21,-0.0230591147717723,-0.0122226246120508,-0.0191991429094163,-0.0127742450035062,-0.0084167988580051,-0.0195245741827216,-0.0200652512313658,-0.0085725597994306,-0.0163177839981005,-0.0174343384971421,-0.0211186916790996,-0.0230377234827592,-0.0227758727684336,-0.0034689379839321,-0.0166577819146844
2025-05-22,-0.0036121585814256,0.0050600524812642,0.0078147987643233,-0.0120471042614043,0.003482333620236,0.0008269976100212,0.0040385039790451,0.0007245556936772,-0.0260392733384078,-0.0280982123149567,-0.007726978998538,-0.0105382946039335,-0.0095833170116084,0.0025316742841468,0.0092277639208
2025-05-23,-0.0302444031519948,-0.0102888783554295,-0.011593972827453,-0.0036130568980828,-0.0078514176025868,-0.0085181644124492,-0.0363065988209143,-0.0160258353149663,-0.0135033290081044,-0.0216969466110005,-0.0187516697420242,-0.0153959869723844,0.0010063441168723,-0.0039457246633107,0.0811625678732463
2025-05-27,0.02529834122639,0.0233461048894798,0.0320664874416605,0.0385277861849513,0.0302990356017474,0.0380842656804922,0.0148648682200778,0.0132698953364374,0.0223552190946239,0.0393646384874781,0.0274268541431281,0.0322372437268434,0.0177859427966768,0.0101410143844677,0.0442003270061395
2025-05-28,0.001048885100483,-0.0072281707087848,-0.0050923012731598,-0.0148393591521568,0.0160406270584447,0.0119819140343517,-0.0041849449183717,-0.0021060157451788,-0.0069299639581552,0.0049661091515007,-0.0014830284706512,-0.0020751368087986,-0.0113589006194585,-0.0064313571565154,0.0033113935395072
2025-05-29,-0.0023451360612307,0.0028861285710384,0.0324902921980658,0.0015062747477048,0.0106086198897465,-0.0057980743310335,-0.0330036084400847,0.0027411259130083,0.0050134466051636,0.0045616446862972,-0.0130577440429524,0.006446237442907,-0.0059559517183419,-0.0045785056798888,0.0036713969855173
2025-05-30,0.0045011768949494,0.0036625494394211,-0.0291686747120215,-0.0203485397434557,0.0004132964424925,0.0161447828773306,-0.0058069379073151,0.0041852405835962,-0.0211676013933094,-0.0115683068315692,-0.0171180989802196,-0.0241734736409592,0.001430247443757,-0.0001585478409412,-0.0049522983684063
2025-06-02,0.0042319012314342,0.0034973686543957,0.016650558767147,0.035220751180806,0.0274301207522311,0.0062829931182128,-0.0141312366469884,-0.028162573284205,0.0098485991748054,0.007437942437211,0.0033173307832803,0.0393816899450241,0.0186828850835512,0.0128488854158588,0.01528937401794
2025-06-03,0.0077839946238813,0.0021646867929467,0.0279516604647271,0.0233795722706944,0.0327289295204302,0.0154289147496193,0.0108936150559002,0.0225334568057111,0.0157537331150254,0.0210085758221867,0.0284225005443818,0.0414545247739843,0.0049261037005552,0.0079876345985845,-0.0004314242299481
2025-06-04,-0.0022138294743113,0.0019438704097023,0.0049568050004533,0.0108260531829489,0.0164685360931351,-0.0061486185427047,-0.00491549060207,0.0034425403315303,0.0007386582182435,0.0140365269641871,0.0011747095608776,0.0097799582332596,0.0012066063111741,0.0004660229581276,0.0028118530895062
2025-06-05,-0.0107977740528938,0.00821352390196,-0.0135991601072927,-0.0243717266404324,-0.0044045142523845,0.0180844167613212,0.0150853145500027,0.0031166401717968,-0.0040496839753237,-0.0012059537365154,0.0139565762078686,0.0294430790547777,0.0050466925739804,0.0035719895477466,-0.0002217286500738
2025-06-06,0.0163983118888506,0.0057732104958208,0.0123580670773251,0.0043218946274397,-0.050013697933479,0.0168283281179231,0.0275883944884367,0.0041425847064895,0.0113852216807024,0.0101318005328019,0.0155309018147735,0.0213566434311214,0.0075322616019206,0.0222842540975134,0.0064437301046911
2025-06-09,-0.0121126484191016,0.0050384951624691,0.0064210791324632,0.0476805301585316,-0.0107317052474427,0.0179863483806865,-0.0082327525367111,-0.0015830462459288,0.0413427623074609,0.0352874164056824,0.0182919359009281,0.022015477331631,0.011938612529746,-0.0024221270269482,-0.0093316082778313
2025-06-10,0.0060562475128433,-0.0038709508659926,0.0093248366592142,0.012404456298324,0.0014327639699058,0.0018627564814968,-0.0148024107216653,-0.0004804982519072,0.0239367312058733,0.0154610124879195,0.0234407391997555,0.0287516835877417,0.0152896991696818,-0.011380930722123,-0.0029829221802726
2025-06-11,-0.019193788036113,0.0036098781441582,-0.0077805115185068,-0.0170399100172206,0.0338470917620103,-0.0061977888032337,-0.0086125657819734,-0.0077392713541264,0.0021995454240153,-0.0128528574450649,-0.005639676688493,0.0165586443807346,0.0191137886780883,-0.0147351531808872,0.0034773769780271
2025-06-12,0.0021128612878358,0.0132241479970502,0.0151928898165683,-0.0217929618866584,0.0124945843906665,0.133121555928227,0.0037608401060449,0.0020346777088988,-0.0048910021835808,-0.0001501983804812,0.0127901080816617,0.0012927799515281,-0.0017405633417304,0.0141765597507945,0.0019092068071659
2025-06-13,-0.0138052331025052,-0.0081650812567164,-0.0208965550452098,-0.0197468045391614,-0.0287813021622482,0.076854070341011,-0.0318835155162164,-0.0531812038036907,-0.0250787487574705,-0.0233397148426227,-0.0251999950813682,-0.0049922820395429,-0.0135570995551574,-0.0155146077778581,-0.0159618802374604
2025-06-16,0.0100280161541861,0.0088008161055854,0.0191588880096162,0.0880681422608806,0.0136711391110559,-0.0191432380571596,0.0212074123084813,0.0256587482089387,0.0138960805911045,0.0216410732232132,0.0349375597553911,0.0366782045383913,0.0166292553956566,0.0221565263522676,0.0187009035806819
2025-06-17,-0.0140106725701882,-0.0022957689195171,-0.0039394744825941,0.005617525816135,-0.0108291072684567,-0.0138324968949959,-0.0042442919798136,-0.047419953176451,-0.0153630857671809,-0.0076799998740144,-0.0139337727680215,0.0041722008584512,0.004328853373585,-0.0027478299886403,-0.0041402184894032
2025-06-18,0.0048047111226166,0.0046021032045355,0.0094366436840345,-0.0024390052109786,0.0075791401827076,0.0129216173829285,-0.0108408392907838,-0.0121249718293752,-0.0053735533458721,0.0033386670009962,-0.0071801566579634,0.0122985149988377,0.0005652569962164,0.0078064408938376,-0.013165158281831
2025-06-20,0.0224845250125096,-0.005913666351435,-0.0112043317562702,0.011436269162919,-0.0027126486540843,-0.0270309180844288,0.0043546381854022,-0.0029626364719923,-0.0150361047845,-0.0007563025874675,-0.0195556985555841,0.0146117068330848,-0.0079093482816369,0.0072904249721625,0.0083594675866753
2025-06-23,0.0024874465386104,0.0180141333334535,0.0022245792641255,0.010449128824796,0.0151206553593616,0.0091144444515636,0.0106665208739955,0.0084898163415423,0.0120275492594212,0.0160948525929913,0.0147528484277432,-0.0122977267371514,0.0292203061617319,0.0159832136388828,0.0018524903222119
2025-06-24,-0.0059552260603995,0.0084568370593904,0.0258721132949786,0.068297505168005,0.0394056341629891,0.0397507473545666,0.029459708857763,0.0058402642566033,0.016782146169856,0.0219474641427619,0.0478017344711982,0.0477555832000102,0.0159416065725399,0.0075689919563981,-0.0046160163032835
2025-06-25,0.0062905593044431,0.0044071734156647,0.0433400989123728,0.0359026329817371,0.0033363456438701,-0.0211362265481517,-0.0125751280512144,0.0136265928361671,0.0014126519704034,-0.0020892579852894,0.0160395363224437,-0.0051598376421478,-0.0092923848806827,0.0044189558829095,-0.0015415463096976
2025-06-26,-0.0027783184602787,0.0105227315659888,0.0046012597966138,0.0019525717657908,0.0208577724660072,0.009965894734957,0.0111294731390401,-0.0067087489816317,0.0144937788810188,0.0045281449201906,0.0024581236549461,-0.0098232647849677,0.0029890532926146,0.0111453834277979,0.0197926268464911
2025-06-27,0.0003979975434207,-0.0030355062338011,0.0176106000880358,0.0009048224487724,-0.0030352036977258,-0.0121229222737141,0.0098987717843228,0.0022859445053378,0.0022125170710702,0.0037322525823946,-0.0016891715044271,-0.0098411950488253,-0.0076387871128461,-0.0043510208264757,0.0048003409851062
2025-06-30,0.0203400816675054,0.0029641143554672,0.0015213249425907,-0.0132814386658421,0.0233895489337767,0.0399068480498168,-0.0026700110183962,0.0027214533527455,0.0045414494232578,0.0026076195092026,-0.0007642154861149,-0.0121032535985255,0.0175353740600705,0.0106336299602676,0.0142420520919543
2025-07-01,0.012916258240941,-0.0107758992547483,-0.0296854237707755,-0.0408033371048387,-0.0395790113706141,0.0015092703834973,-0.0028603313217114,0.013492558816226,0.0008790021501068,0.0136306914995536,0.0037690893532189,-0.0191481465621833,-0.0121446644604312,-0.0040357767128422,-0.0101824210502197
2025-07-02,0.0222307092045819,-0.0019509585278618,0.0257665843906869,0.0177062938160481,0.0194908185776867,0.0503288324991268,-0.0099297489306372,-0.0347615523352329,0.0183187966770546,0.0244238138147829,0.03401165769358,0.0070312448097993,-0.0121910049501976,-0.0073805887986336,-0.0075806078248571
2025-07-03,0.0052248960209202,0.0157812449105891,0.0132908348943614,-0.0044037004875607,0.0195625071044132,0.0319158264921701,0.0109206845387967,0.0022194528897436,-0.0006776590125433,0.0019946268116757,0.0054735507604832,0.0045177999659968,0.0150183115508624,0.0174539702119882,0.0089697382369839
2025-07-07,-0.0168577858004668,-0.002245249579748,-0.0069035047411851,-0.0225509428450986,-0.0036338011427795,-0.021321426665286,-0.0086348866019485,-0.0062745640719497,-0.0253992855166269,-0.0120822730007096,-0.0014133341443088,-0.0184571486471779,0.0017125690411554,-0.0063429409005127,0.0038047395953946
2025-07-08,0.0002858099135689,-0.0022101291405156,0.0111223524427173,0.0224035920184761,-0.0086804769155217,0.0096443941372279,0.0142700591004021,0.0140874901487639,0.008602777468154,0.0150883684922871,0.0220673583841708,0.0375250287294319,-0.0070092505327379,-0.0049326047194208,-0.0027182996103284
2025-07-09,0.005380619644419,0.0138738216422029,0.0180000366698713,0.0042809193624744,0.0224431008151391,0.0055863084791938,-0.009976374615133,-0.0231791167275038,-0.0006272221854711,-0.0011079875467442,0.0020513479436268,-0.0175212330052275,-0.0009642044876514,0.0099138847634649,-0.0152146991039602
2025-07-10,0.0060150514504093,-0.0040317020616652,0.0074902172123592,0.0415432399961281,-0.0089961372749154,-0.0013173971584831,-0.0256534136089969,-0.005222594090552,-0.0016316642995409,0.0151117614867632,0.0135113533631827,0.0071170895605288,-0.0093403543934573,-0.0073623109352953,-0.0268687787282336
2025-07-11,-0.0058848241624261,0.003669179791466,0.0049969492985808,0.0156769870243138,-0.0037036764178952,-0.0188936353756448,-0.0223509540964138,-0.0217537267630365,-0.0102456138564002,0.0072383686240522,-0.0005049061666235,0.0115344631696661,-0.0133597673596614,-0.011780155113209,0.0
2025-07-14,-0.0120288896487126,-0.0005960727405539,-0.0051539672558957,-0.0012292902474535,0.0044464805613946,-0.0055517171627653,0.0062386522393211,0.0100178452448473,-0.0201322166821075,-0.0054236893495195,-0.0041933429457632,-0.0475388158533001,0.0007053362200137,-0.0019130920107521,0.0064847721862617
2025-07-15,0.0023487868419764,0.0055664191017508,0.0404095103550969,0.06407272131582,0.0193757554929503,0.0247732328735719,-0.0080869622207455,-0.0076568779350062,6.482997228962617e-05,-0.0076800682077083,0.0111110599880106,0.0126465568454978,-0.003840827022941,-0.0094367050439477,-0.0090335029949055
2025-07-16,0.0050213625121611,-0.0003954785905174,0.0039250401557806,0.0287256680365681,-0.0004627481704541,0.0269833234711418,0.0014365180990167,-0.0066176168668742,-0.0014906897774911,-0.0078770080989907,-0.0224797901085159,-0.0306386421892435,-0.0027591499665873,0.0028280514138054,0.0063944915513329
2025-07-17,-0.0006662476741469,0.0120249208106291,0.0095115302596315,0.0020614806801599,0.0200848395850044,0.0308744254387751,0.0074820146974921,0.0129364605563855,-0.0094760628943766,-0.0002306964091735,-0.0117550808759979,-0.027226632681069,0.0002838723429292,0.0138044672492843,0.0061940348695741
2025-07-18,0.0055232575526924,-0.0032245601119648,-0.0034103332904399,-0.02132035465911,-0.0108570195336633,-0.0132663555019962,0.0096198881206763,-0.0018010741987272,0.014350178662583,0.0001385511819509,-0.0108040576732705,0.0099770426948122,0.0137233359751753,-0.0036602927276437,-0.0036273256846247
2025-07-21,0.006155948519583,1.95405816265648e-05,-0.0059741938010993,6.366333197171947e-05,0.0171877861575062,-0.0077816793900808,-0.0003812088660971,0.0051668555365345,0.0269380890458112,-0.009463624852769,0.0113947883042702,-0.0101407547447108,-0.0040579055146524,0.00426136867545,0.0146951394526861
2025-07-22,0.0090360794297705,-0.0093910562093145,-0.0253822452753146,-0.0145222852184514,-0.0333783057758461,-0.0222959941376759,0.0049946845085693,0.0141155421692547,-0.006164631603501,0.0016311848146577,-0.0283994865200336,-0.0354146111017378,-0.009658874547199,-0.0026337365089801,0.0040461335518253
2025-07-23,-0.0011660263965397,0.0011875446980658,0.0224512315635034,0.0254006763493701,0.0183064445027314,0.0159169233058638,0.013771324718097,-0.0010995887775322,0.0119626567482282,-0.133398458897723,-0.0006946969522121,0.0055850716979188,0.0001773811701561,0.0067488270956668,0.0120243657149701
2025-07-24,-0.0018210788753133,0.0099036831453804,0.0173322804900479,0.021872053918686,0.0176951689459141,0.003844587117743,0.0017963151181505,-0.0020673066405435,-0.0065049240319088,-0.003006638811447,0.0059354949006031,0.0172994113091813,-0.0762384015175275,-0.0048091730746228,0.0067138899942342
2025-07-25,0.0005612880787413,0.0055396062791717,-0.0013814869492179,0.0268320147701166,0.0050917651718789,0.0094305177826909,0.0052670775634797,-0.0025559261771669,-0.0027701214141243,-0.0037697591549332,-0.0129171449931978,-0.004206492665072,-0.0030326771032969,0.0058574633737489,0.0060675572144857
2025-07-28,0.0007949030512659,-0.0023555287289833,0.0187320151202443,0.0431909796881293,0.0141979595220274,0.0105663522496854,0.0042363000699778,-0.003425551726613,0.0167299472912283,0.0230282418746385,0.0246646754562358,-8.990568008149236e-05,0.0134375736411778,-0.0112097793698928,0.0162604677841151
2025-07-29,-0.0129876087748913,0.0001366103573099,-0.0070156839323652,0.0217666630173036,0.0106015829569112,0.0091638012654802,-0.0105827999038858,0.0033291227495175,0.0063955577337693,0.011254939468944,-0.0097754801442829,0.0063819539435463,-0.0030392626671121,0.0005888683923858,0.0095276945518398
2025-07-30,-0.0105078797677832,0.0013071033263978,0.0214234046837433,0.0116658703615224,0.0174836717839952,0.0024802339093628,-0.0096488380926073,-0.0180739465508551,-0.0186328412069233,-0.009718865916191,0.00520137555772,0.0248302796235557,-0.0081933773012974,0.0047086329941885,0.0013021737314999
2025-07-31,-0.0070795719588303,0.0394747149448602,-0.0078095036466339,-0.0178262884862397,-0.0294759594657686,0.0126496436437339,-0.024470426294804,-0.0173351581280047,-0.0773292652812264,-0.0377338438101513,-0.0492634973277552,-0.0488060653071864,-0.0273188715720631,-0.0029290465224786,-0.0275703042529115
2025-08-01,-0.025003773186647,-0.0176006754924898,-0.0233315921312785,-0.0261471310429772,-0.017228459950477,-0.036844430908657,-0.0293809335407693,-0.0276496815145332,0.0097438003263008,-0.0011046280232654,-0.0003886643851023,-0.0390323024913471,-0.0122456448136176,-0.0142479850118257,-0.011437609590379
2025-08-04,0.0047930608106343,0.0219991306463818,0.036150068457843,0.029586499250702,0.0314577384888574,0.0331805658552848,0.0063013575553694,-0.0257331282449058,-0.0045887475016584,0.0103395471424569,0.015723159262178,0.0275552953291935,0.0077184503569649,0.0205632575746148,0.0112349963272864
2025-08-05,-0.0021146466969286,-0.0147301123784698,-0.0096666700337303,-0.0139721757990666,-0.0160889408653439,0.012434165182553,-0.0191424641504173,-0.0003246742427592,-0.0054233013103019,0.0146116949129717,-0.0200745902927356,0.0119698696603005,-0.0051988190729481,-0.0141626932005064,-0.0198759040748234
2025-08-06,0.050906782152972,-0.00532434956448,0.0065073796759176,-0.0641959875975832,0.0298366759681851,0.0029725777499363,0.0067881884017151,0.0203105776736081,-0.00593013044694,0.0027507709609779,-0.0056377057834681,-0.0025673697195274,0.0064226881709354,0.0250296207335101,0.0132592226611323
2025-08-07,0.0317936496750399,-0.0078104050600155,0.007524336767571,0.0568906268825597,0.0069281024038896,-0.0274538198455802,-0.0332704752276586,-0.0212661483923217,0.0004114105699077,0.0,0.0281239225220206,0.0284059951820716,-0.0084033373663513,0.0099697720328575,-0.0229129696417622
2025-08-08,0.0423578656267655,0.0023039700102365,0.0106764444409883,0.0020881706676145,0.0039833186387736,0.0026464372572028,-0.0015359828121197,0.0082182838253042,0.0113776426076397,0.0070464675302808,0.0093912907448008,0.0627513400705268,-0.0249918927156049,0.027038667586297,-0.0165570277271683
2025-08-11,-0.0083373593733123,-0.0005172458291825,-0.0035029894624303,-0.0027783962884999,-0.0035085692674048,0.0105178148822364,-0.032555934739184,-0.0216976811650744,0.0027785186456921,-0.0187479426900517,-0.0026504459397326,0.0406258367785739,-0.0246419360619289,-0.0156011017519469,-0.0572897039847511
2025-08-12,0.0108724190659246,0.0143165767748802,0.0060419882685021,0.0154980159499871,0.0293846877342067,0.0046700605831997,-0.0043836574920796,0.0143263865330083,0.0389267813876295,0.0504054540828857,0.0220738855100381,0.0325735711671264,-0.0064747884839937,0.0100465578374049,0.0104661164364523
2025-08-13,0.0160244452865203,-0.0163629591707201,-0.0085717684462154,0.0541297592791885,-0.0119553851413453,-0.0381313480714653,0.0231805455457283,0.0373489788789103,0.0186040496675545,0.0016582247536169,0.0083842836076055,-0.0272407860068086,0.0225752636240432,-0.0137292536286615,-0.0024808402711017
2025-08-14,-0.0023571690519698,0.0036495479103468,0.0023679720733609,-0.0188157534711842,0.0069236040455156,0.0031944269848465,-0.0154411055839128,-0.0070926615774772,0.0095791749780707,0.0021730083342028,-0.0094196332736234,0.0082079839677435,-0.0123297630838625,-0.0156248530880193,-0.0015034105548336
2025-08-15,-0.0051122000011437,-0.0044210893947667,-0.0086254540839264,-0.0190107902703651,-0.0157118525071205,0.0135532602783152,0.0388654032606046,0.0179873193320871,-0.0015181256056758,0.0044395850930794,-0.1406715203445707,-0.0352781629568005,0.0110076267109195,-0.044733220182348,0.0085838889212654
2025-08-18,-0.0030225315870904,-0.0059019996733267,0.0086450395042743,-0.0077178477808738,-0.0018933011839078,0.0031819538567896,0.0063108053214175,0.0067351954058081,0.0066518485895075,-0.0012335616168069,0.0109422341637159,0.0221726421443375,-0.0011264381425494,0.0113292150446386,0.000655752555928
2025-08-19,-0.0014292607707683,-0.0141751427419057,-0.0349979907391838,-0.0544453069780935,-0.0354853735577378,-0.0580158565174463,0.0083207250274177,0.0106091385301947,-0.0166770094769819,0.0082849522852082,-0.0080108603610263,-0.0121408985999253,0.0076425421321335,-0.0028376512445664,-0.0225597141949119
2025-08-20,-0.0197345877540666,-0.0079447132247451,-0.0013664557046263,-0.0081057104700027,-0.0126818452840101,0.0018753147861565,0.0018291626398441,-0.0210508991751724,-0.005183959878057,0.0246504686131747,-0.0077671336156763,-0.0396558863920701,0.00526367599077,0.0052424775643586,-0.0026817037178297
2025-08-21,-0.0049113050401811,-0.0012875212506091,-0.0023946566664271,-0.0090193115127104,-0.0053920860115423,-0.0080830311757552,-0.0025156420612855,0.0,-0.008427788155911,-0.0002989639124028,-0.0041122605200071,-0.012115008609151,-0.0129871411582332,-0.0013411778739765,-0.0019882377752994
2025-08-22,0.0127167508138308,0.0059298554414259,0.0172020570657167,0.0247387919300945,0.0151934269064124,0.0137673799934552,0.0100068842907095,0.0245027412544855,0.0251734687833016,0.0266553966863898,0.0165790998057013,0.0163227125598894,0.0112365219069292,0.004476403167934,-0.0503038585162073
2025-08-25,-0.0026343071715032,-0.0058553628679332,0.0102253048847749,-0.0262279091592667,0.0007822271631179,-0.00406145763799,-0.0016916256072762,0.0030931401820402,-0.0100626253008897,-0.0004367066033772,-0.0030770557117623,-0.01070699713945,-0.0109877451863243,-0.0026738725691213,-0.0086015740647685
2025-08-26,0.0094647015905993,-0.0044024815947133,0.0109004198887967,0.0199558918624866,0.0128470842576775,-0.0050974270960281,-0.0166618947320325,-0.0228517606570173,0.017580890433493,4.846854153472968e-05,0.0155564287532934,0.0006871699611747,0.0133650977407331,0.0186177819790875,0.0039271679961878
2025-08-27,0.0051459181254831,0.0093617202970812,-0.0009352225175625,0.0030609157398324,0.0075166896856777,0.0068314139481691,0.0263396087332818,0.0040573734934143,0.0037695620054774,-0.0024759343805559,-0.0007293994272877,0.0107296493458133,0.0091084965397489,0.0007311408142365,0.0055038163524163
2025-08-28,0.0089808792919288,0.0057229071738154,-0.0078745477265254,0.0086758625374234,0.0279764706340075,0.019125662496632,0.0174687141921099,-0.00670693028624,0.0064467961590908,-0.0067163052316961,0.0053532375027025,0.036093394008708,0.0036351576289901,0.0144652376997576,0.0075848762609855
2025-08-29,-0.0018060204541949,-0.0057883847244781,-0.033246423502883,-0.0352947970317681,-0.0364812680448226,-0.0590463332337323,0.0067576215266431,0.007741046497061,-0.0004353403755186,-0.0078887484776059,-0.027288781049118,-0.0245081790599029,-0.009115735454156,-0.0048970828590771,-0.0017959263148327
2025-09-02,-0.0104246975467298,-0.003098602510448,-0.0195198614441068,-0.001906152304534,0.0028580749584918,-0.0036704623395767,-0.0132293010796595,-0.0310345022298279,-0.0121322192632205,-0.0131864644388812,-0.0198432254384406,-0.00445341730126,-0.0081728866361094,-0.0186712097704534,-0.0075113413175591
2025-09-03,0.0380898292544877,0.0004553854497357,-0.0009369840012195,-0.0011705423412576,0.0139150657264959,-0.008211253091678,0.0141976015242613,0.0083036630982329,-0.0094470527893754,-0.0203693100285855,-0.008377261169414,0.0020256020725819,0.0107661437607708,-0.0019173245254096,0.0101058668122628
2025-09-04,0.0054932274385965,0.0051845340303413,0.0060954363345389,-0.0020971540519316,0.0122688210061929,-0.0020138831478128,-0.0485085102875957,-0.0120229625291427,0.0212290883543835,-0.043169528342803,0.0127360044761113,0.0462432508072254,0.0126176750100166,0.004728696354654,-0.0005831671811453
2025-09-05,-0.0003752419688486,-0.0255329871870746,-0.0270301254674477,-0.0658260358392461,0.0940543676083318,0.0439461795893294,0.0276627811407379,0.0135343257388753,0.0008139461342457,0.0034171117360528,0.028501023933495,0.057644211732923,0.0054616434798411,-0.0160316332945854,0.0067784948222717
2025-09-08,-0.0075513873874817,0.0064646033234352,0.0077236264717419,0.0017864514592516,0.0321298537450833,0.0243985869530414,0.0060217667260968,0.0277674367639351,0.0025025619275038,-0.0112274676205167,-0.0043011088878753,0.0006853453024646,0.03041890278351,-0.0002991561236443,-0.0016943368602204
2025-09-09,-0.0148393860588287,0.000421580742236,0.0145564151070658,0.0291262370744727,-0.0259800136500996,0.0127054485184592,-0.0008324990856417,-0.0128255340895196,-0.0098603465623512,-0.0042515183006129,0.0089478988194913,0.0287539768958136,0.0117926916109809,0.0068781087488947,-0.0011761030273235
2025-09-10,-0.0322595410327172,0.0039324382219931,0.0384750701545324,0.0238736092097198,0.0977217538955845,0.3594883941284283,-0.0376497127902651,-0.0110150650267656,0.0018278026168461,-0.0055126277498642,-0.0004892388543955,0.0351966298134442,-0.0086063215727463,0.0117314783644852,-0.0218069392757939
2025-09-11,0.0142863706911668,0.0012790818500065,-0.0008460249278802,-0.0242572099789845,-0.0268959788081549,-0.0623458985947418,0.0152944927468565,0.0011137312279552,0.016105785022151,0.0018478976979188,0.0411821121979236,0.0754999433427019,0.0005061107242465,-0.0064580440310585,0.0064913806116311
2025-09-12,0.0175630260318211,0.0177441434929508,0.0036689535609097,0.0186292104412189,0.000667171568661,-0.0509323336146905,-0.0142926363400354,-0.0033946726083158,0.0019813485044877,-0.0094929568017115,-0.013811232763658,0.0442318840050131,-0.0138905621688417,-0.0171370477178655,-0.0219372819512647
2025-09-15,0.0112358603014486,0.0107079631573359,-0.0003937701997325,0.0163334566327855,0.0117265318378039,0.0340886474700674,-0.0009886539644567,-0.0064689127055368,-0.0037694290734173,-0.0240964358949121,0.0186531125909354,0.0034344853904848,0.0110479664784184,0.0073649362735956,0.008203903154772
2025-09-16,0.0061258901818515,-0.0122632461710652,-0.0161462104994891,-0.004343490520823,-0.011233547294807,0.0149268277135283,-0.0132359601578589,0.0162201232607683,0.0181118462069489,-0.0031985680818773,0.015269320053517,0.0066553030956173,0.0049952520052649,-0.0013428628529996,-4.60539576127017e-05
2025-09-17,0.0035272570821431,0.0019251597321499,-0.0262466499107968,-0.0081017262704966,-0.0384164908014688,-0.0170877507657217,0.0138805850951986,0.026479165500473,0.0068235113121914,0.0150313049164356,0.0264493689287632,0.0073668061074223,0.0060577526679221,0.0118035766996875,0.0174727854536329
2025-09-18,-0.0046445622893811,-0.0030782509566056,0.0349405328896907,-0.0077909365709525,-0.0023688389208182,-0.0158919816304707,0.0085462258133133,0.0148865800033883,0.0173665639225744,0.0073209992195621,0.0652892426163915,0.0556284051006166,0.0228502552263198,0.0141759594007955,0.0185307782666084
2025-09-19,0.0320329242948091,0.0186447396801541,0.002439717276099,-0.0033561219949475,-0.0011872763286403,0.0405904738675262,0.0115032206426999,-0.0042453534939039,-0.0076131528360104,-0.0123884489497957,0.0017918687684905,-0.036473459722416,0.0052829535268317,-0.0068433172434382,0.0192011625784631
2025-09-22,0.0430956726375881,-0.0067189968170239,0.0392824107864957,0.015248706434916,-0.0161462957381386,0.0631439939497156,0.010522559509914,-0.004974056721995,0.0172010690523747,0.0013937512155817,0.0548132509303711,0.0116143729520588,0.0186561425152889,-0.0067438797322039,0.020598402787809
2025-09-23,-0.0064432191165963,-0.0101466109770128,-0.0282120478912087,0.0069466215469695,0.0004426789221787,-0.0436385984743844,-0.0205455635830931,-0.006317259607216,-0.0011194718546483,0.0134728763257845,0.0017453224875789,0.0108734846695572,0.0032059392989733,-0.0030996612292231,-0.0041448748436627
2025-09-24,-0.0083324487431351,0.0018065383480658,-0.0081825080940135,-0.0001242325321947,0.0010916754787522,-0.0171111578604901,0.0054383478457278,-0.0235226098577564,0.0237125398728783,0.0131839199654841,0.0028377505750696,-0.028243348475791,-0.0173008266667397,-0.0032573443886186,-0.0062787206049661
2025-09-25,0.0180730012161633,-0.0061158033062974,0.0040685887029519,0.0024241632136481,-0.0094603668342053,-0.0555339197287254,-0.0200902392457006,0.002519361044289,-0.0222990887834073,-0.0130123659739224,-0.0091342201023602,-0.0301774574714968,0.0519941047628222,0.0078727414799593,-0.0030369607189425
2025-09-26,-0.0054890943685314,0.0087371142434864,0.0028138668279011,-0.0112233987142197,-0.004671314667371,-0.0270140385531006,0.0102925370515714,0.0175344233986478,-0.002828830422924,0.0137882717259281,0.0216432645063409,0.0028055237702091,0.0101974686709898,-0.0092850503218072,0.0080556610205073
2025-09-29,-0.0040319034973952,0.0061392285010364,0.0205398532193945,0.0119151750689041,-0.0198187488997355,-0.002469472145565,0.0068603166185421,-0.0026361287075085,-0.0230496447406973,-0.0071526572522123,0.0050509582931035,0.0421566614329509,-0.0158629266089244,0.0074383185023407,-0.0051126127201167
2025-09-30,0.0007860573749713,0.006510032948821,0.0260104123984954,0.0026648033846974,0.0061297649575109,-0.0053755758746389,-0.033047798674814,-0.0185577129223368,0.0064126421140819,0.0027288648967507,-0.0010246033429245,0.0208664809112379,0.008434629289743,0.0103365508178292,-0.0169572571569913
2025-10-01,0.003220303893757,0.0033980865173817,0.0035374661473905,0.0137214989358269,0.0105484117383753,0.0276276339554155,-0.0055273055166629,-0.0255988625919117,0.0007815029646731,-0.0181788359312947,0.0634951909684935,0.0886324259822328,0.0153457546232775,0.0048232310902127,-0.0049933580357645
2025-10-02,0.0065766372016866,-0.0076389773631653,0.0088121650896251,0.0348759308108184,0.0143675573992589,-0.0007957446085926,0.0135347113668997,0.02257654410004,0.0141749890082281,0.0106990538318081,0.0268668737410244,0.0087840901501328,0.0008029973939478,-0.0064000300847402,0.0034730797713813
2025-10-03,0.0034612549164674,0.0031215812486466,-0.0067235947087705,-0.029812040805777,0.0005618107020084,-0.0091419443088823,0.006195532832157,-0.0134858899618547,0.0019543061208593,-0.0109696839440804,-0.0271031845998557,0.0228442403827415,0.0057547150171877,0.0002944632025876,-0.0028157539928771
2025-10-06,-0.0051546403980478,0.021687617247089,-0.0110861377594715,0.2370802755755683,-0.0085113102157399,0.0190465033822613,0.022549553186034,0.0098056887287916,-0.0033100711710629,0.0082630002334576,0.0293293305494783,0.0166639859263573,0.003641245470678,0.0145761394097905,-0.0144865217950945
2025-10-07,-0.0008180041021814,-0.0086838903549901,-0.0026948975305707,0.0382896644047765,0.0027422066009079,-0.0252065571132865,-0.0245748986285431,-0.0052265294261817,-0.018740349509682,-0.0261811310792066,-0.0551561381044932,-0.0275973853281636,0.015375323197049,0.0011608138277707,-0.0180573648433252
2025-10-08,0.0061603382324295,0.0016603249848197,0.0219952649311794,0.113706225125832,0.0270204934296047,0.0154448657103936,0.0028781563191482,0.0013206381048558,0.013961176155216,0.0256989787965611,0.0281244849501296,0.0584306560697407,-0.0150064588897564,0.0194231630360646,-0.0002887228133421
2025-10-09,-0.0155779207341334,-0.0046678628404086,0.0182962524780399,-0.0113346841425449,-0.0013892922967601,0.0306456454417256,0.0203801675016619,-0.0037273499266526,-0.012576809002468,-0.014537354337013,0.0128269169857839,-0.0214205814207772,-0.0042492709436753,-0.0052609439189982,-0.0177886039964096
2025-10-10,-0.034521987862036,-0.021899000568715,-0.0488653298838989,-0.0772467926502287,-0.0590979371425263,-0.0134697445128162,-0.0148779291870129,-0.0286643204307925,-0.0728600754561423,-0.0405678597026698,-0.0469813305274324,-0.0557895227537699,-0.036117027725131,-0.0288736849722206,-0.0048533250745766
2025-10-13,0.0097443524474802,0.0060474465141533,0.0281721720973577,0.0070730773179692,0.0987894530956796,0.0513721966642206,0.029253565669806,0.0053627966763138,0.0533237899257403,0.0198602421358196,0.0453917005779798,0.061508832808075,-0.0021596611771361,-0.0070650072957223,0.0216426059941197
2025-10-14,0.0004441188177246,-0.0009337820107104,-0.0440209410661348,0.0077164688248525,-0.0352397548077948,-0.0292521845255065,-0.0361004877910211,-0.0099611128429067,-0.0002471594617113,-0.006681495262501,-0.0058775069889931,-0.0296208811500234,-0.0038598062392743,0.0177884214332193,0.0022571269992397
2025-10-15,0.006336506208048,-0.0002726225922623,-0.0011108832013667,0.0940437897658015,0.0209222561621329,0.0154514123613771,-0.0133044009732958,-0.0158063866166694,0.0076048340672045,0.0076462597776401,0.0430359238797877,0.0260879583492792,0.0166576830816354,0.0125253689990099,-0.0068018811719215
2025-10-16,-0.0075800353330759,-0.003544761087517,0.0110103143268662,-0.0169321393192636,0.0080266605568393,0.0308938333807085,0.0398174058904936,-0.004234321978674,0.0068108977024972,0.0011980773892414,0.0006151461453625,0.0551735712045664,-0.0170257770155498,-0.0061852681034416,-0.0087330795404013
2025-10-17,0.0195594829378993,0.0038507272765582,0.0077554289851646,-0.0063096680718942,-0.0136100041992652,-0.0692971334068357,-0.0118700133904586,0.0122406786891133,-0.0038395401729298,0.0062686451389133,-0.0119883793103587,-0.000740646556314,0.0192410138515157,0.0150527223406577,0.0222569129646958
2025-10-20,0.0394387676625445,0.0062500448481979,-0.003165638096261,0.0320919670017887,-0.0002575758893506,-0.0485050852233424,0.0460754117544683,0.0304266453631523,0.0219638087372031,0.0170460729417538,0.013956179354378,0.0216918744337355,0.0084258383977777,0.0074150249509297,0.0051103748564564
2025-10-21,0.0020210441602466,0.0016835437020132,-0.0081033118938138,-0.0105171217366704,-0.0188409244506275,-0.0073236997940052,0.0359053555618276,0.04120557410595,0.0107162052183349,0.0069603059374503,-0.0093368293451615,-0.0216667059398918,-0.0056407637822347,0.0009907788433274,0.0154489995531161
2025-10-22,-0.0164401858060813,0.0055635019841682,-0.0048576502446282,-0.0327689916891107,-0.0068873369348959,-0.0090496283306346,-0.0257013684116482,-0.0096769446880293,0.0026061417072691,-0.0560163293188386,-0.0240708027498173,-0.0188837162735635,0.0193582868603359,-0.0008483827969728,-0.0063255585915713
2025-10-23,0.0043720555055193,3.8466739368026026e-05,0.0104282452723694,0.0206750199972123,0.0117249763658073,0.0271767952847992,-0.0061954709759231,8.472077609411599e-05,0.004489791435569,0.0086696804227104,0.0358632879704794,0.0415176164108055,-0.008730052919012,-0.0055195539661421,0.0103611719240519
2025-10-24,0.0124818437334943,0.0058589906055093,0.0225076577869802,0.0763010862447204,0.0285805382614556,0.0116399306068577,-0.0008625873947927,-0.0016943581604791,-0.0064106489044002,-0.0177710914750967,0.0012254997326011,0.0595521197886048,0.0788069215913311,0.0051231153758453,0.0079236564014451
2025-10-27,0.0227911954065016,0.0151068008815653,0.0280791384857879,0.0266883414030398,0.022364558905384,-0.00681183827414,0.00251151154669,0.0121068084190605,0.1109270232662296,0.0016555823346722,0.011278780878053,0.0049310064269962,0.0183114053159294,0.0107602784479456,0.0004392277852429
2025-10-28,0.000706778470034,0.0198486898949445,0.049819747135358,-0.0063927430056198,0.0301617167920968,-0.0020256604090914,-0.0047364309170225,0.0058971937985685,-0.0354327065587833,-0.0147572047589165,-0.0159513168005616,0.0082235178008516,-0.00166078995654,0.0172293307828317,-0.0065262950832323
2025-10-29,0.0026023570250897,-0.0009592785898672,0.0298960625995599,0.024495083785244,0.0348821709727966,-0.0196916414206912,-0.0110123146867232,-0.0612653665810519,-0.0130364805627353,-0.0398418263036037,0.0356264548977816,0.0212699091368488,-0.0139489386968969,-0.017763694986699,-0.0337148839967049
2025-10-30,0.0063032490532304,-0.0291571338549669,-0.0200444385737446,-0.0359020569608379,-0.0246385792571828,-0.0668723743257859,0.0206393725921021,0.0040845466839658,-0.0078917008985183,0.0015599473318554,-0.0135736583754166,-0.0115607251964731,0.0060023378736848,0.0221505999450895,0.0002134557709876
2025-10-31,-0.0037951562818203,-0.0151209602048636,-0.0019715110218919,0.005022754660535,-0.0181687740234887,0.0222663582634465,0.0146503778020328,0.0031541308661149,0.0205347713977648,0.0148973287096831,0.0023650258261953,-0.0010713623606872,-0.0085467248934567,0.0027430352363828,0.017327538865681
2025-11-03,-0.004882115436205,-0.0015063329682659,0.0216801155862373,0.0137825974019785,-0.0191544100034729,-0.0181259031448566,0.0035712798362197,-0.0083453214958859,-0.0009948772854794,0.0,0.0197769599248638,0.048844830198776,-0.0087179901547297,0.0183286015353154,0.0129428515896319
2025-11-04,0.0036796358788213,-0.0052220271836466,-0.0395882287170539,-0.0369728136737558,-0.0292648506652922,-0.0375410960303681,-0.0264023857509501,-0.0062820253934245,-0.0436034530055207,-0.0130063289717263,-0.0316351888443668,-0.0710269356862098,-0.01273245301359,-0.0286097700600889,-0.0233219138049588
2025-11-05,0.0003702525060893,-0.0139405873150866,-0.0175146625147513,0.0251149107932942,0.020003398993434,0.0086231085677224,-0.0069171828920664,0.0005367307961989,0.0398056497179193,0.0264182141270976,0.0464832928662581,0.0892997124313039,0.019677516355133,-0.0030420938579395,-0.0077071402384588
2025-11-06,-0.0013696651457605,-0.0198359201336124,-0.0365247299695929,-0.0726797120896786,-0.0094433837241489,-0.0260077196636869,-0.0530710550980169,-0.0243793184083126,-0.0362786536721085,-0.0133888341164476,-0.0305533839747323,0.0034947545240742,0.0184177513628394,-0.0147017253235148,-0.0025788160103006
2025-11-07,-0.0048188944041811,-0.0005632485423001,0.0003719646075555,-0.017501067377023,-0.017323322837122,-0.0186218849675918,0.0025495192366336,-0.0012219150420845,-0.0133371855208436,-0.0051431470523585,-0.0148159917966553,-0.0017203997043822,-0.0193329857227579,0.0004223351209571,-0.0073282542326441
2025-11-10,0.0045485805663143,0.0184774471308422,0.0579327139747085,0.044703274563407,0.0256417530101054,0.0065619280551674,0.0076287229326981,0.0058112672443677,0.0039791715621002,0.0001868138999925,0.0217759484483508,0.0646436012073374,0.0145389188649487,0.0143519162935763,0.0068119900063341
2025-11-11,0.0216012625067958,0.0052964693016781,-0.0295906035503412,-0.0264775455701385,-0.0179413452857815,-0.0194328354332545,0.0115427205093932,0.0132887183703196,0.0140466713819691,-0.0052932574604899,-0.0272673282677362,-0.0481247459154419,0.0148480425725432,-0.0052711245219549,0.0016074708113666
2025-11-12,-0.0064667510712937,0.0048361082559418,0.0033132668539088,0.0899714128981863,0.0092623844981227,-0.0387888579124053,0.0062168517192404,0.0114938675896856,0.0154616032459784,0.0210354976862277,0.0090086068540213,0.0157189849222183,0.0040163531820587,0.0313763816503747,0.0076109213185358
2025-11-13,-0.0019016265732664,-0.0153578895178383,-0.035810076045957,-0.0422187311836372,-0.0429029645923393,-0.0414996029564473,-0.0227217809535523,-0.0102358160937606,-0.0122827715516734,-0.0052732201568705,-0.0325055237715147,-0.0324622263999897,-0.0321291116701691,0.0462411677678262,-0.0139389909369647
2025-11-14,-0.001978282909578,0.0136899418642291,0.0177137274826502,-0.0046378816104828,0.0072944780735089,0.0242680288666647,0.0134343143609498,-0.0074640908465105,-0.0029800133313114,-0.0178757279801872,0.0124534773730462,0.0416965652028737,0.0027226963161706,0.0080124242242363,0.0189197185378311
2025-11-17,-0.0181712720563856,-0.0052726980283606,-0.0187725579562476,-0.0254851640871619,0.0005547893211972,-0.0134171226296428,-0.0272100918065097,-0.0182416063983412,-0.0415564647357086,-0.0272391386993527,0.0119464388744172,-0.0197706832665416,-0.0278714305320981,-0.0028204678576719,-0.0248032663034526
2025-11-18,-7.47610048428271e-05,-0.0269955247804871,-0.0280814391292347,-0.0425328904232829,-0.006274572603069,0.0028655130245114,-0.0148926330590012,-0.0018457750330598,-0.0101349408466071,0.0150333577742547,-0.0156967815335388,-0.0555900091787482,-0.0242957555983736,-0.0052712525014241,0.005805086689568
2025-11-19,0.0041879581883252,-0.0135078244291306,0.0284516114357729,-0.0292674038424267,0.0408810954957241,0.0228581833436674,-0.0240684476082861,-0.0196012446303612,0.0063613334246885,-0.0014621034960473,0.0444652096949891,-0.0112910520361099,-0.0048975303992366,0.013183384325587,0.0013697883256977
2025-11-20,-0.0086014625696804,-0.0160012679764761,-0.0315247844809932,-0.0784164551106636,-0.0214434899630813,-0.065800554295159,-0.0110147145979532,-0.0179497397693054,-0.0392510044164666,-0.0239353495968193,-0.0615332467902409,-0.1086667517610204,0.0064810625843712,-0.0376323641531058,-0.0202575592052005
2025-11-21,0.0196806472353217,-0.0131890121593273,-0.0097430988849769,-0.0108727572406107,-0.0190875994048099,-0.0566236046864736,0.0077207403169883,0.0377401049144341,0.0232469891395166,0.0395877378435518,0.0171638530130719,0.0297959176243363,0.0242425300622852,0.0087486372579448,0.0403332705433989
2025-11-24,0.0163175815000664,0.0039821218751865,0.0205165685056738,0.055304761703659,0.1109933201329658,0.0076474875929077,-0.001276931198644,-0.016841948900213,0.0107776807470805,0.0116688334798049,0.0308022403640697,0.0798572135653741,0.0224581940164356,0.0018396460507164,-0.0149590523360123
2025-11-25,0.0038052736187974,0.006307891182216,-0.0259106732489937,-0.0414787167745283,0.018705709951273,-0.0162272668112598,0.0321840638893182,0.0025726375878543,-0.0106627609140662,0.0031626194633338,0.0500194696336648,0.0026794651300872,0.0011838547224722,0.0010494120155442,-0.0078992055524091
2025-11-26,0.0020941785347086,0.0178410870814322,0.0137215554086136,0.0393441052648408,0.0325689118692757,0.04024779034246,-0.0254997552983532,-0.0063526798837246,0.0112674933935059,0.0221301844822958,0.0309741841211061,0.0255198848413775,-0.0041711362005232,-0.0032757718546306,-0.0292251034060542
2025-11-28,0.0046837961187689,0.0134089254732712,-0.0180848872777572,0.0153565776781954,0.0135573430803246,-0.0146858794269605,0.0104755693149785,0.0082200049113387,0.0178637281764595,0.0176595114229536,0.0091211152983852,0.0270130380459194,0.0177105759738018,0.011436943969608,0.0078678703086678
2025-12-01,0.0152411974371333,-0.0107112422344537,0.0164971442619032,0.0102514399855331,-0.041889990310425,-0.0050012373597824,0.0099332660534541,0.008496551960816,-0.0002975128369231,-0.0006537110301856,0.0099108182208713,0.0168301501361929,-0.0094303373678595,-0.011697467886039,-0.003879566231674
2025-12-02,0.010914832876105,0.0066976795387907,0.0085594550440095,-0.0205678427678122,-0.0116814299134077,0.0007962893804238,0.0080746019405382,-0.0001239230111986,0.0158296643299857,0.0422216847053553,0.0415307692293835,-0.0040339477140465,-0.0127261573567171,0.0109152675709482,0.0063487830564383
2025-12-03,-0.0071281578098053,-0.0250408285598356,-0.0103052829351483,0.0109645072947488,-0.0025160036021727,0.0329686181735415,0.0170848773765546,0.0122982598145291,0.0256004851510525,0.0418806577540682,0.012437388450522,-0.0222555926611423,0.0027834734478413,0.0114479180449662,0.0189574975599211
2025-12-04,-0.0121414798746686,0.006509910616417,0.0211603625774685,-0.0074449004160684,0.001103583489675,0.0317720572230171,0.0366119008271694,0.0059673548390832,0.0009759744280364,-0.0135816010682072,0.0030152881578418,-0.0320721256410413,0.0177450029347174,0.0001286288877384,0.0237772142362511
2025-12-05,-0.006840055245008,0.0048249081412332,-0.0052895229007299,0.0092138417100187,0.024171209255533,0.01516351796607,0.0529782800535736,0.0533264326147147,0.0026382814703227,0.0134353960995521,-0.0053443469179226,0.0466357427570818,-0.0001622215844451,0.0027006601436714,0.0159105671575559
2025-12-08,-0.0031924337050984,0.016267929045018,0.0172140223766461,0.0144056492731265,0.027829084042217,0.0136041681506422,-0.0039913028929872,-0.0206203848179592,0.0028602357051479,-0.0087651223730319,0.0005970323042421,0.040890379960875,0.0040266797402066,0.0114145767690523,-0.0258153170497041
2025-12-09,-0.0025549528865235,0.0020365318428314,-0.0031258768757731,0.0023065194040439,0.0129394042034738,0.0044889251175896,0.0057410463506215,0.0153338413597061,0.003935971510695,-0.007847971958159,-0.003803667333126,0.0222743731170749,0.0042047272582184,0.0082425065512188,-0.0007467266401253
2025-12-10,0.0057723589701108,-0.0273566227614912,-0.0064334891302668,-0.0009024318773062,0.0164415043692114,0.0066809040737254,0.0121831379551551,-0.0034560943775936,0.0352841627666629,0.0119763851594323,0.0299841328647822,0.0447269588939076,0.0070536189155765,0.0093069628103115,0.0101868972645191
2025-12-11,-0.0026902469609422,0.0102599749204599,-0.0155077495104963,4.513823014451468e-05,-0.0159818970173268,-0.1083359198770838,-0.0070023056897091,0.0212746996447072,-0.0051589167306885,0.0,-0.0183172604209856,-0.0199081318190474,-0.006172714377604,-0.0122118712641806,0.0205001777759672
2025-12-12,0.0008990946591842,-0.0102177851063273,-0.0326644900191108,-0.0480964379205762,-0.114280067631682,-0.0446568525062026,-0.0004572932059814,0.0171218221196929,-0.0164397089644579,-0.0123849968523016,-0.0403538898056318,-0.0670122862220644,-0.004827160088472,-0.0185441206253517,-0.0075145444780743
2025-12-15,-0.0149848908475803,-0.0077528909033152,0.0072561975073972,-0.0151816916537362,-0.0558997610768611,-0.0265831423164585,-0.0291729551282096,-0.0148135647610881,0.0054406664943971,-0.0080816239371758,0.0079471902632932,-0.0150949701505734,-0.0018755035185561,0.0057840821581436,-0.0243395340389298
2025-12-16,0.0018241281266524,0.0033065371992535,0.0081116944526626,0.0076596797565533,0.0043848732574478,0.0201708053059448,0.0012962095193984,-0.0092837229238508,-0.0175164715089712,-0.0023037975232507,-0.0093006873290839,-0.0210105218208326,-0.0177542519523746,-0.0089456963822813,0.0225328421991413
2025-12-17,-0.010087028861802,-0.0005668181720785,-0.0381499181328355,-0.0528756401750343,-0.044770021165514,-0.0540152988264105,0.012671367845336,0.0194601417937025,-0.0214626455099802,-0.0172899077987499,-0.0408360011942434,-0.0300632238895584,0.0004618549989454,-0.0199871977647891,-0.0128033953885907
2025-12-18,0.0012875747907972,0.0165084697530892,0.0187200444433481,0.014890701828043,0.0118397083895609,0.0087975281388128,0.0004886729862501,0.0032425249100827,0.0107346989443994,0.0097426667034685,0.0210657565760672,0.1021195326644288,-0.0094619747932779,0.0124999999999999,0.0122582470173457
2025-12-19,0.0054374113038218,0.0040084249888132,0.0393362796766181,0.0615238996687175,0.0317691429564452,0.0663222523263629,0.0079892197101441,0.0001404901304395,0.0060852214155195,0.0005675529505086,0.0114793073651586,0.0698852796847304,0.0017640807717047,0.0191033159579034,0.0036179456737088
2025-12-22,-0.0098659488912342,-0.0020579063896725,0.0149178959040128,0.00712179320912,0.0051221007176964,0.0333906733580751,0.018160138047355,0.0046928946677848,-0.0058773500605104,0.0143513475151595,0.0101400069059669,0.0401248640029334,0.0060135889730119,-0.0039530326654266,0.005824653757662
2025-12-23,0.0051297130359793,0.003980047044735,0.0300507092567534,-0.0002326264362304,0.0230487002997066,-0.0153241931941624,-0.0045346877008114,-0.0142924660000821,0.0030420871451579,-0.0097304202269125,0.0047102913333734,-0.0011570009157934,0.003269619606649,-0.0011523244488998,-0.0015847095600926
2025-12-24,0.0053237813227493,0.0024031043723755,-0.003171184538152,0.0006514629763827,0.002576437543508,0.0110065056976611,0.0069469502547223,0.0015890061212673,0.0001145757258227,0.0002823502173068,0.0021134441121177,0.0376806950223618,0.0025677025580848,0.0,0.0010234529652581
2025-12-26,-0.0014972809650131,-0.0006351543352173,0.0101797494137021,-0.0002324581218816,0.0054536994846023,0.0025317772959605,0.0030911064662542,0.0023230120151829,0.0002287724277896,-0.0014113525908232,0.0042948156487132,-0.0065927162052568,0.001740071612865,0.0017944734147676,0.0025487585415089
2025-12-29,0.0013167962364342,-0.00125075202251,-0.0121240958185564,0.0028838322775297,-0.0077811480564048,-0.0131824945436385,0.0005638191130874,-0.0018088868087634,-0.0078942822883966,-0.0067277776114788,0.0043909269517921,0.0340563216516784,0.0021305477313526,-0.0047338083284483,-0.0035473341221762
2025-12-30,-0.0024841597541549,0.0007801502882722,-0.0036127780493742,-0.0012522808389991,0.0013164962316751,0.0093663524757496,-0.0011643314558785,-0.001840508239167,0.0012685035275561,-0.001536789192166,-0.0117087351811938,-0.0059109684750077,-0.0120690765786195,-0.0048848865941302,-0.0063339094035922
2025-12-31,-0.0044674636043122,-0.0079182917607923,-0.0055455316456181,-0.0054796725914758,-0.010718879056822,-0.0116627110801653,-0.0037982350416451,-0.007148788577452,-0.0149725983600024,-0.0110021699166431,-0.0114628711758557,-0.0246727700683233,-0.0193345472400545,-0.0049089658423293,-0.011136441433827
