Holding_Days,Rebalance,Formation_End,Date,BL_Return,MVO_Return,EW_Return,BLM_LLM__gpt_oss_120b_Return,RelViewBL__gpt_oss_120b_Return,BL_NAV,MVO_NAV,EW_NAV,BLM_LLM__gpt_oss_120b_NAV,RelViewBL__gpt_oss_120b_NAV
30,0,2025-03-03,2025-03-04,-0.004644061659684408,-0.0028081169734342657,-0.0038701579007664067,-0.0028151880671786634,-0.001251923061425505,0.9953559383403155,0.9971918830265657,0.9961298420992336,0.9971848119328214,0.9987480769385745
30,0,2025-03-03,2025-03-05,0.016573804506302352,0.007197169493391167,0.006266354991187654,0.007315571843470485,0.005414203397338671,1.0118527730765552,1.0043688420261419,1.0023719453071431,1.0044797890657335,1.004155502169821
30,0,2025-03-03,2025-03-06,-0.012921001582041083,-0.007448625781387267,-0.00940202309900428,-0.007578400590267904,-0.004131764168931115,0.9987786217948403,0.9968876743754038,0.9929476211235715,0.9968674388393656,1.0000065684459207
30,0,2025-03-03,2025-03-07,0.004613027191696887,0.0012044424179802726,0.003874310033185073,0.001189584136282301,0.0003919498102442552,1.0033860147356655,0.9980883681763832,0.9967946080545178,0.9980532965305853,1.000398520830666
30,0,2025-03-03,2025-03-10,-0.024874885546313716,-0.005771408487632929,-0.013268157635461205,-0.0059502467310017385,-0.004533708203168146,0.978426902460344,0.9923279924968824,0.9835689800646727,0.9921146331655386,0.9958630058503388
30,0,2025-03-03,2025-03-11,0.00220842733418086,0.0016154358042116696,0.00030885010550947523,0.0014676873787981969,0.002688600326275825,0.9805876871762355,0.9939310346654835,0.9838727554479416,0.9935707472909567,0.9985404834527941
30,0,2025-03-03,2025-03-12,0.005557724785715926,0.0009307979431686623,0.00314456012836376,0.0009304425481416213,0.0013610430305970103,0.9860375236698227,0.9948561836282017,0.9869666024861066,0.994495207788825,0.9998995400185665
30,0,2025-03-03,2025-03-13,-0.007711600674244252,0.0035249198677388105,-0.004246678319536535,0.003481615525882833,0.006086303901062469,0.9784335960374603,0.9983629719554155,0.9827752728132222,0.9979576577446786,1.005985232489652
30,0,2025-03-03,2025-03-14,0.017001163725315856,0.004309780959034559,0.010083036461703408,0.004460662514945461,0.0017417127571775657,0.9950681057980426,1.002665697682154,0.9926846317226585,1.002409210060083,1.0077373698026115
30,0,2025-03-03,2025-03-17,0.009467873906877604,0.006626112507571802,0.007544571891612526,0.0066856744905670505,0.00440705897983372,1.004489285152494,1.0093094734024788,1.000174012292389,1.009110991744891,1.0121785278275142
30,0,2025-03-03,2025-03-18,-0.00716239205882925,0.001706607251193622,-0.00311560918666804,0.0017686192156658427,0.0024347867051987392,0.9972947390733387,1.0110319682684858,0.9970578609514241,1.0108957248356307,1.0146429666503562
30,0,2025-03-03,2025-03-19,0.007548178567699423,0.002580735823159723,0.005774138474808293,0.0027226840953645157,0.0033538190041467997,1.0048224978484914,1.0136411746873562,1.0028150111079537,1.0136480745477126,1.018045895514332
30,0,2025-03-03,2025-03-20,-0.004884578597185683,-0.0025915277242416182,-0.0014593761072145136,-0.0027385864201632296,-0.002704784816513515,0.99991436338153,1.011014295480721,1.0013515268407867,1.0108721116959316,1.0152923004336312
30,0,2025-03-03,2025-03-21,-0.003842772610099386,-0.007306176130909919,-0.0041645166840854194,-0.007332977663293468,-0.005866523966916276,0.9960719198534824,1.003627646967071,0.9971813817006238,1.003459409080419,1.0093360638197117
30,0,2025-03-03,2025-03-24,0.012487777515443658,-0.0015142106268230407,0.006197505855120205,-0.0014408647317286972,-0.0037497462141931745,1.0085106443779936,1.0021079433186602,1.0033614191523303,1.0020135598081537,1.005551309735555
30,0,2025-03-03,2025-03-25,0.0035836626781960246,0.0032448293405821444,0.0014964474787801801,0.003210949862253289,0.0049283508653324495,1.0121248063348145,1.005359612575571,1.0048628968183262,1.0052309751099955,1.0105070194030263
30,0,2025-03-03,2025-03-26,-0.008634255963495372,-0.0034683471971904654,-0.0048076254327341856,-0.0035550756671114195,-0.004659494230056995,1.0033858616899165,1.001872676381126,1.0000318923991716,1.0016573029305553,1.0057985677766859
30,0,2025-03-03,2025-03-27,0.0023882693771280095,0.005149535541840947,0.001621783580099033,0.005131693729020715,0.005282750971439955,1.0057822174168338,1.00703185533655,1.00165372770184,1.0067975014306318,1.011111951137681
30,0,2025-03-03,2025-03-28,-0.01784021010869502,0.0019311787876875313,-0.006810398027712034,0.00182974772054373,0.0022556164502221237,0.9878388513345284,1.0089766138941014,0.9948320671302491,1.0086396868639238,1.0133926318876831
30,0,2025-03-03,2025-03-31,0.0015678932680042873,0.004282267227956399,0.005938407356270046,0.004231822548921765,0.00310547488083768,0.989387677219409,1.0132973213815544,1.0007397851959488,1.012908071034532,1.0165396972504364
30,0,2025-03-03,2025-04-01,0.00032854972728738323,0.00043154844963744535,0.0011397808218541869,0.0004346026586098747,0.00077578437884541,0.9897127402709409,1.0137346082696184,1.0018804092107816,1.013348283575131,1.0173283128680395
30,0,2025-03-03,2025-04-02,0.006492185341729204,0.0021935443050571622,0.00458702305222298,0.0023557574636995757,0.0016011724246520302,0.9961381388158506,1.0159582800464275,1.006476057743402,1.0157354863574903,1.0189572309094217
30,0,2025-03-03,2025-04-03,-0.046481683633847304,-0.016066391926672356,-0.03055943984614505,-0.01658509288035281,-0.012194833937243769,0.9498359609918027,0.9996354961380537,0.9757187132002073,0.998889418974381,1.0065312166893277
30,0,2025-03-03,2025-04-04,-0.05714256685156685,-0.027370811729418357,-0.03790233428348793,-0.027566118925619502,-0.022341472396501208,0.8955598960928064,0.9722746611752153,0.9387366963658385,0.9713539144573902,0.9840438272954463
30,0,2025-03-03,2025-04-07,-0.010448408019877566,-0.018705358993617395,-0.015951086027859007,-0.019084323982074138,-0.01660258548297831,0.8862027208921895,0.9540879145975353,0.9237628265645988,0.9528162816526294,0.9677061555337765
30,0,2025-03-03,2025-04-08,-0.01345930573676264,-0.008572666358225829,-0.014034840051528583,-0.008953971003226337,-0.005640515391771266,0.8742750475269506,0.9459088372292751,0.9107979630482168,0.9442847922953098,0.9622477940687765
30,0,2025-03-03,2025-04-09,0.08128097635149598,0.03323675604330177,0.054339198101397784,0.03423040697369384,0.027803731348438353,0.9453369769896917,0.9773477784914678,0.9602899939926435,0.9766080450346483,0.9890018732256921
30,0,2025-03-03,2025-04-10,-0.02677225131160006,-0.008312948810096678,-0.019634599761647255,-0.008851142412859501,-0.007371659879614469,0.9200281778675753,0.9692231364392065,0.9414350843054833,0.9679639481465023,0.9817112877959706
30,0,2025-03-03,2025-04-11,0.02186455224811664,0.013232541434269727,0.01474145431674622,0.013504857066911822,0.011689929820321316,0.9401441820323004,0.9820484217511912,0.9553132065929546,0.9810361629121445,0.9931874238541227
30,0,2025-03-03,2025-04-14,0.008799600820205774,0.007729057979832711,0.007207355825009288,0.007636866835054958,0.00543015744654828,0.9484170755476236,0.9896387309419095,0.9621984887972006,0.9885282054486779,0.9985805879395823
30,1,2025-04-14,2025-04-15,-0.0002476100422073384,0.003363900466399089,0.0014820242430471935,0.001120744670556125,-0.0006893999449889627,0.948182237955517,0.9929677771304914,0.9636244902842214,0.9896360931666289,0.9978921665371897
30,1,2025-04-14,2025-04-16,-0.010749449977474661,0.006252825310010718,-0.0003561422768793202,-0.003840866545542991,-0.011829856662874273,0.9379898004190843,0.9991766311793581,0.9632813028641949,0.9858350330041235,0.9860872452420497
30,1,2025-04-14,2025-04-17,0.0056657697910017235,-0.0008284128412446183,0.0031327866209108074,0.002403492055057315,0.000777031323199319,0.9433042346945664,0.9983489004274176,0.9662990576419813,0.988204479673546,0.9868534659190102
30,1,2025-04-14,2025-04-21,-0.016718176817915608,0.0005018526028362543,-0.0094197843934909,-0.004091567408445959,-0.013643243531160169,0.927533907705854,0.9988499244216358,0.9571967288593605,0.9841611744316334,0.9733895837539077
30,1,2025-04-14,2025-04-22,0.022000230885425427,0.0029657598385457824,0.010969319120879225,0.012193011533210068,0.018900541121958044,0.9479398678294437,1.00181227341222,0.9676965252396805,0.9961610629820159,0.9917871736093341
30,1,2025-04-14,2025-04-23,0.008395716070686652,0.006182218371726119,0.005755609405392494,0.011297712758690645,0.016639802857187247,0.955898501811824,1.0080056956539296,0.9732662084619157,1.0074154045329786,1.0082903166544803
30,1,2025-04-14,2025-04-24,0.016364549675720985,0.009338908713806647,0.011691403609774473,0.015251919567211449,0.015460811216511066,0.9715413503296708,1.0174193688286388,0.9846450565247987,1.0227804232536852,1.0238793028917115
30,1,2025-04-14,2025-04-25,0.004527108277689652,-0.0015555688088733052,0.0012721210613656744,-0.001319407287130674,0.000774931041389386,0.9759396232188661,1.0158367029929454,0.9858976442391736,1.0214309593101099,1.0246727387461583
30,1,2025-04-14,2025-04-28,-0.00046619876057339346,0.0058850593687323465,0.0020070829372907726,0.004734049326241362,0.0029923054690199225,0.975484641376127,1.021814962298996,0.9878764225788411,1.026266463854834,1.0277388725862642
30,1,2025-04-14,2025-04-29,0.00026538216992729857,-0.0005283637453167863,-0.0006342422142416269,-2.938641796992035e-05,0.0027048736023326143,0.9757435176069861,1.021275072318495,0.9872498696491877,1.0262363055595787,1.0305187763328136
30,1,2025-04-14,2025-04-30,-0.005623102039047822,-0.003527158025720192,-0.005564678558691799,-0.0029977589689916396,-0.0015632591170335088,0.9702568122435425,1.0176728737506988,0.9817561414674796,1.0231598964702826,1.0289078084604373
30,1,2025-04-14,2025-05-01,0.006117101637718861,-0.006457482520246074,0.0006222285922320003,-0.0010929590295746506,0.0027873428144266003,0.9761919717787254,1.011101268957125,0.9823670182093,1.0220416246227368,1.0317757272470567
30,1,2025-04-14,2025-05-02,0.01444398162865632,0.0031731988203281937,0.006542313796970921,0.013131118563414989,0.014251635413910849,0.9902920706851391,1.0143096943110121,0.9887939715062198,1.0354621743724033,1.0464802187407045
30,1,2025-04-14,2025-05-05,-0.0060117943929955875,0.006481846657484639,-0.0008336486966581736,0.005113663516280061,-0.0003142486343611727,0.9843386383671662,1.0208842942127363,0.9879696647006102,1.0407571795159796,1.0461513637610793
30,1,2025-04-14,2025-05-06,-0.0009729981757678466,0.008258219700035036,0.0039794804217634676,0.0033148187659197354,-0.0025708890498156063,0.9833808786676972,1.0293149810026603,0.9919012706385825,1.0442071009454048,1.0434618246755363
30,1,2025-04-14,2025-05-07,-0.001439754472766561,-0.006869138662225875,-0.0036037710636066802,-0.006599650918961477,-0.0025322203097795015,0.9819650516492022,1.0222444736710468,0.9883266855415005,1.0373156985920644,1.0408195494506134
30,1,2025-04-14,2025-05-08,0.010828373924309406,-0.00707595775757944,0.0024092237289817606,0.00137067170671815,0.005739545325105247,0.9925981364090636,1.0150111149574315,0.9907077856442928,1.0387375178710592,1.0467933804299407
30,1,2025-04-14,2025-05-09,0.0026238937688760856,0.004862605937823597,0.0036882589657188532,0.004062906481176659,0.002045599337825499,0.9952026084741853,1.0199467140319805,0.9943617725171028,1.0429578112646587,1.0489347002757883
30,1,2025-04-14,2025-05-12,0.025794196391591126,-0.003445105937073003,0.010060535121402833,0.013612694573387672,0.02270910113296463,1.020873060006592,1.0164328895519708,1.0043655840528916,1.0571552774023334,1.072755064466227
30,1,2025-04-14,2025-05-13,0.007644381696611139,0.0019737262291115833,0.00443537659792152,0.006105005507112854,0.004747442716101052,1.02867700334107,1.018439049806211,1.0088203236601574,1.063609216192748,1.0778479076831875
30,1,2025-04-14,2025-05-14,-0.0024014446467382263,-0.0082114946601844,-0.006082802574974626,-0.0064528353721727645,-0.003955698446878957,1.0262066924581739,1.010076142987004,1.0026838687977107,1.0567459210203305,1.0735842663887933
30,1,2025-04-14,2025-05-15,0.0020283004255025688,0.0088285506604975,0.004968072102517893,0.007446179247072873,0.006362469106951115,1.0282881479291404,1.0189936513863247,1.0076652745539292,1.0646146405668608,1.0804149131174008
30,1,2025-04-14,2025-05-16,0.005456615816627596,-0.002500209644579086,0.001885741454435093,-0.0006101777620956355,0.0027543644553656445,1.0338991213011812,1.0164459536313637,1.0095654707343502,1.0639650363879856,1.0833907695511382
30,1,2025-04-14,2025-05-19,0.0027492116060131265,0.003792801165433013,0.0020660818433467696,0.0039219738960581,0.0024604586024204946,1.036741528764909,1.0203011310288963,1.0116513156231042,1.0681378794870178,1.0860564076898631
30,1,2025-04-14,2025-05-20,-0.0003644017145163293,0.005451768840321936,0.0023630072927122866,0.006209644320274235,0.002927157472533646,1.036363738374317,1.0258635769427848,1.0140418550596035,1.074770635803644,1.0892354658192254
30,1,2025-04-14,2025-05-21,-0.015189416541323277,-0.0029882397518796824,-0.010132723627170005,-0.006252416046744369,-0.010959987511432968,1.0206219778638264,1.022798050622159,1.0037668491959018,1.0680507226337757,1.0772974587168367
30,1,2025-04-14,2025-05-22,-0.0010510579031028145,-0.0024007905139516823,-0.0017508082847141886,-0.003948704753960102,-0.0024122759172080376,1.0195492450679122,1.020342526764537,1.002009445880408,1.063833305667841,1.0746987200015046
30,1,2025-04-14,2025-05-23,-0.0012607521740538952,0.006964910404958947,0.00270534750087494,0.003663487657532973,-0.0010618633307182752,1.018263846140638,1.0274491210458214,1.0047202296306736,1.0677306458528277,1.0735575368391652
30,1,2025-04-14,2025-05-27,0.013539436621728695,0.0018182876132529918,0.00714014014138625,0.007611854566169095,0.01402209164710864,1.0320505649496567,1.0293173190558669,1.0118940728731223,1.0758580562449014,1.088611059009168
30,1,2025-04-14,2025-05-28,-0.004799232440305479,-0.005297167729096089,-0.003899630221007847,-0.0068180405639678395,-0.007399711533817987,1.0270975143983148,1.0238648525703644,1.0079480601660875,1.0685228123763522,1.080555651199976
30,2,2025-05-28,2025-05-29,0.0011886661887621347,0.004276885992882779,0.00326672924871778,0.005276281137367135,0.0038878045981249622,1.0283183904862416,1.0282438058169276,1.0112407535754204,1.07416063913614,1.0847566404292412
30,2,2025-05-28,2025-05-30,-0.002114697992529966,-0.0037778667772172137,-0.0022658481536687865,-0.0021413637617191845,-0.0036231337974006864,1.0261438076501987,1.0243592377040525,1.008949435581017,1.0718604704692287,1.0808264219833472
30,2,2025-05-28,2025-06-02,0.010493549720048798,0.015287025950416396,0.010577450696514354,0.013892354437689257,0.010794889120463058,1.0369116987156963,1.040018643953383,1.019621548491151,1.0867511360327355,1.0924938233671242
30,2,2025-05-28,2025-06-03,0.005099851905578215,-0.001598799791496297,0.0016927082354745602,-0.001366599310545179,0.004011699732446633,1.042199794818308,1.038355862362278,1.0213474702833494,1.085265982679499,1.0968765805460257
30,2,2025-05-28,2025-06-04,0.000311099932446269,0.00473318363752667,0.0027533806606869866,0.004703873305275919,0.00179356964026004,1.0425240231040713,1.043270591339941,1.0241596286558692,1.0903709363645493,1.0988439050800052
30,2,2025-05-28,2025-06-05,-0.00044005538422552495,0.003441079935810856,0.0017056031572655998,0.002399001686000644,0.002083319707657786,1.04206525479452,1.0468605688394224,1.0259064385520484,1.092986738079254,1.101133148243098
30,2,2025-05-28,2025-06-06,0.010958820387032941,0.0003750627837789301,0.0035986908438569803,0.00012757383869920624,0.008748524407647671,1.0534850607533808,1.0472532072785996,1.0295983586591198,1.093126174593078,1.1107664384665727
30,2,2025-05-28,2025-06-09,0.00362627021265395,0.0057258130083542936,0.004118513228401835,0.0047165204759213155,0.004785888500775737,1.0573052822486666,1.0532495833158764,1.0338387731191983,1.098281926578312,1.1160824427914775
30,2,2025-05-28,2025-06-10,0.0029230319828960644,0.0018694389375904586,0.0023211002088001065,0.0023832649518726705,0.0036659958937735656,1.0603958194043646,1.0552185690979279,1.036238416511351,1.1008994234012013,1.1201739964438637
30,2,2025-05-28,2025-06-11,0.005363566111003245,2.069987654279164e-05,0.003668585211071585,-0.0008653637078393797,-0.0020147204964179152,1.0660833224855712,1.055240411992034,1.0400399454413087,1.0999467449942086,1.1179171589336738
30,2,2025-05-28,2025-06-12,0.002444619517813164,0.004886750097654814,0.004032807685858013,0.00681599964659635,0.0024010409675396054,1.0686894905833346,1.0603971081783854,1.0442342265268838,1.107443981619364,1.1206013238305892
30,2,2025-05-28,2025-06-13,-0.002158044552143091,-0.005489132356191543,-0.0006929549731813671,-0.005973369876517291,-0.013557196553221776,1.0663832110502487,1.0545764481014714,1.0435106192264458,1.1008288090996285,1.1054091114256175
30,2,2025-05-28,2025-06-16,0.005253889266212966,0.0023942388962086207,0.0008371515106768533,0.0005224859056358912,0.009096708013994589,1.0719858703564553,1.0571013560525415,1.0443841957177387,1.101403976636901,1.1154646953482654
30,2,2025-05-28,2025-06-17,-0.0015115854310515178,-0.0013498012160554254,0.002973623389618419,0.0008860709921643157,-0.007099442163444854,1.0703654721325313,1.055674479356648,1.0474898009898728,1.1023798987512534,1.1075455182582759
30,2,2025-05-28,2025-06-18,0.0008299162627566946,-0.002449982292921691,-0.0002115478325787467,-0.00235252510597668,-0.000519134039557866,1.0712537858449473,1.0530880955751347,1.047268206792825,1.099786522363117,1.1069705536793883
30,2,2025-05-28,2025-06-20,-0.0016099377220735727,-0.004957767044206634,-0.001488826670553513,-0.005044086803378629,-0.005102556212350029,1.0695291339652016,1.047867130120246,1.0457090059553291,1.0942391036791315,1.101322174203823
30,2,2025-05-28,2025-06-23,-0.003891588971091978,0.0061729670143703015,-0.001576994987154419,0.006448299651328843,0.00936099310300345,1.065366966183201,1.0543355793499212,1.0440599280949152,1.101295085309856,1.1116316434807298
30,2,2025-05-28,2025-06-24,0.005374065571658007,0.004853358434682324,0.0009894322972275873,0.0033877164912552347,0.01230155974669873,1.071092318117348,1.0594526478269448,1.0450929547080132,1.1050259608320985,1.1253064465593288
30,2,2025-05-28,2025-06-25,-0.0017021673616809134,0.0020244140016612076,-0.0013978431054512126,0.0020146715480466445,-0.0010707992745147524,1.0692691397321015,1.0615974186013026,1.043632078726719,1.10725222519524,1.1241014692327462
30,2,2025-05-28,2025-06-26,0.009349594350789423,0.006237821770690195,0.0060882032630226665,0.0067102952284664105,0.01011000163796973,1.0792663724404143,1.0682194740907625,1.0499859229538182,1.1146822145186763,1.1354661369279335
30,2,2025-05-28,2025-06-27,0.00304434522087246,-0.00512121701709366,-0.002292729635104893,-0.004463762126784819,0.001319877924025153,1.0825520318634017,1.0627488903420579,1.047578589111819,1.1097065382661073,1.1369648136155428
30,2,2025-05-28,2025-06-30,0.002859994110485262,0.005178160543787221,0.0045335443159496,0.006470692234821375,0.003946403121781065,1.0856481242988247,1.068251974713981,1.0523278330699974,1.1168871077461964,1.1414517351053504
30,2,2025-05-28,2025-07-01,0.003290796442854202,-0.0006674739089061735,0.0028280874846434868,-9.92138306240786e-05,0.0014578513338963128,1.0892207712844586,1.067538944392722,1.0553039082444449,1.1167762970978623,1.143115802039952
30,2,2025-05-28,2025-07-02,0.007981576527431278,0.005172334146483427,0.0058507381712706065,0.004356975525508865,0.006389000480666551,1.0979144702257333,1.073060612527505,1.0614782151027018,1.1216420640917861,1.1504191694486428
30,2,2025-05-28,2025-07-03,0.004882473284183604,0.0019260217546803612,0.00158884539738768,0.0016040922664220408,0.006715094430142849,1.1032750082949292,1.0751273506113237,1.0631647398791948,1.1234412814524894,1.158144342805737
30,2,2025-05-28,2025-07-07,-0.006336335295084128,-0.005934497557650812,-0.00533851995765474,-0.0061463327302507705,-0.009856092449921517,1.0962842879196857,1.0687470099749572,1.057489013697075,1.116536237533783,1.14672956509269
30,2,2025-05-28,2025-07-08,0.0031589859997552933,-0.00043291795199954896,0.00021366351310712014,-0.001569078727593581,0.002110834171900949,1.0997474346369758,1.0682843302081932,1.0577149605148137,1.1147843042748815,1.149150121044617
30,2,2025-05-28,2025-07-09,0.005216902071705902,0.0023587508515718414,0.00354163791749666,0.0045948288967589705,0.004321543468140446,1.1054847093070868,1.0708041467817928,1.0614610039248764,1.119906547409817,1.1541162232441302
30,2,2025-05-28,2025-07-10,-0.001186926936268232,0.0036520430224923216,0.0013616622152585335,0.003972009679914861,0.004223130531378615,1.1041725797279776,1.074714769594503,1.0629063552668914,1.124354827056729,1.158990206703272
30,2,2025-05-28,2025-07-11,-0.001904213077705236,0.004038242985121232,0.0014092564737448801,0.00215169335124915,-0.0020571885489206057,1.102069999861616,1.0790547289738244,1.0644042629290358,1.1267740938625517,1.156605945321731
30,3,2025-07-11,2025-07-14,-0.000916012007152265,-0.0025573205772855545,-0.00164844102017266,0.0021942715406807747,-0.005006173006493889,1.1010604905090204,1.0762952401114023,1.062649655279977,1.1292465421894908,1.150815775859111
30,3,2025-07-11,2025-07-15,-0.00649331500580434,-0.0033907262196176844,-0.005984543167179618,-0.007987539484286672,-0.005462217027794154,1.0939109579037,1.072645817620707,1.0562901825463653,1.120226640846258,1.1445297703323594
30,3,2025-07-11,2025-07-16,0.0038627581647302316,0.0035168922813273297,0.0037243704319923137,0.0054178391889167146,0.0031880860320946413,1.0981364713878303,1.0764181974172953,1.0602241984698446,1.1262958486415036,1.1481786297064727
30,3,2025-07-11,2025-07-17,0.007967759072790456,0.0049079370469457375,0.0046426441169093,0.005865707494704769,0.0026639604742233975,1.1068861582208929,1.0817011901664062,1.0651464421074757,1.132902370642135,1.1512373321933587
30,3,2025-07-11,2025-07-18,-0.003018530208085891,-0.0006177977901012096,-0.0005342817959834398,-0.0022479567903531,0.0008657840513551088,1.103544988915391,1.0810329175615716,1.0645773537534011,1.130355655065243,1.1522340551148962
30,3,2025-07-11,2025-07-21,0.0012939546034033687,0.00812869447295283,0.004473758222869647,0.002582705487012314,0.00709548525684631,1.1049729260338608,1.0898203038636345,1.069340015443636,1.1332750308178552,1.1604097148654002
30,3,2025-07-11,2025-07-22,0.0014176287516707805,0.002978467874647583,0.0038679611529559795,0.004468332588970944,0.004481317348414781,1.1065393674236241,1.093066298627831,1.0734761810826734,1.1383388805703256,1.1656098790518956
30,3,2025-07-11,2025-07-23,0.01062141127529817,0.004952209765948969,0.0033357414259226597,0.011054694845081692,0.0007226455948464289,1.1182923771373388,1.0984793922267253,1.0770570200496523,1.1509228695253224,1.166452201896302
30,3,2025-07-11,2025-07-24,-0.0027761336575447583,-0.003225380135956082,-0.0027033368448528797,-0.004911625781034979,-0.003293693003107345,1.115187848030192,1.0949363786152801,1.0741453721233447,1.1452699670873792,1.162610266440457
30,3,2025-07-11,2025-07-25,-0.000735754171943737,-0.005562322875380606,-0.0024166397206474735,0.0017250844030200698,-0.005852806709138133,1.114367343918503,1.088845988949422,1.0715495497513219,1.147245654444849,1.1558057332729215
30,3,2025-07-11,2025-07-28,0.0015996945955903908,-0.0030020795239113574,-0.001031354493145687,-0.005453409598629238,-0.0025235447948488126,1.1161499913360717,1.0855771867013038,1.0704444023085575,1.1409892539809139,1.152889005730864
30,3,2025-07-11,2025-07-29,0.002643046711904326,0.0009244592523439972,0.005385378516380087,-5.9338954245765014e-05,0.003877735859239742,1.1191000279006647,1.0865807585756835,1.0762091505957292,1.140921548871777,1.1573596047701098
30,3,2025-07-11,2025-07-30,-0.000805146173688659,-0.00995112049399007,-0.00594109903256786,-0.005262229200322074,-0.010187249111631255,1.1181989887952255,1.0757680625206458,1.0698152854522842,1.1349177581820273,1.1455692941645776
30,3,2025-07-11,2025-07-31,-0.008851367450163877,-0.004521105801126003,-0.00533780705324992,-0.008274579657242688,-0.0024757962193442916,1.1083013986629973,1.0709044012925177,1.0641048178759225,1.1255267907875308,1.1427330980370882
30,3,2025-07-11,2025-08-01,-0.015526171221869622,-0.004262721769590442,-0.004095305050204119,-0.011882060812088873,0.004082375324587193,1.091093721381918,1.066339433787978,1.0597469840413287,1.1121532130137581,1.1473981634391037
30,3,2025-07-11,2025-08-04,0.010917688051244323,0.010849940772285535,0.007299299907496679,0.015067046765416764,0.0049487203391278475,1.1030059422666372,1.0779091534877299,1.0674823951039116,1.128910077484545,1.1530763160675928
30,3,2025-07-11,2025-08-05,-0.003119476386714103,-0.0004739752385696285,-0.0006432357664181533,-0.00028666039599478503,0.0003305725922559406,1.0995651412753311,1.0773982512395492,1.0667957522473592,1.128586463674691,1.1534574914944642
30,3,2025-07-11,2025-08-06,0.0021170156703999568,0.0041792679002479625,-0.00015113603657633987,0.0034127946394442044,0.0003344472323199731,1.1018929379100366,1.081900987166738,1.0666345209655281,1.1324380975080692,1.1538432621600931
30,3,2025-07-11,2025-08-07,0.00056006770299065,0.006360896774584291,0.0019049957836617332,0.0017477789906962641,0.004527108605297453,1.1025100725567136,1.0887828476664265,1.0686664552306755,1.134417349023158,1.1590668359213825
30,3,2025-07-11,2025-08-08,0.004239394532774843,0.003850463670217828,0.0008854275239585806,0.0032484685209168097,0.0007574227237494188,1.1071840477306396,1.0929751664661225,1.0696126819240679,1.1381024680710417,1.1599447394812537
30,3,2025-07-11,2025-08-11,-0.0013134917909153618,-0.0068251199365358655,-0.0030920677424264996,-0.003330393688849625,-0.005388647059071885,1.105729770572913,1.0855154798673359,1.0663053670534002,1.1343121387941137,1.153694206672162
30,3,2025-07-11,2025-08-12,0.010850758976514855,0.00760304052634696,0.0054443597634411395,0.013426151407625903,0.002485923230089018,1.1177277778065566,1.0937686980527441,1.072110717089327,1.1495415853130715,1.1565622019009476
30,3,2025-07-11,2025-08-13,0.006204473085908761,0.0061893486311549025,0.006217522583314234,0.008611361561634652,0.005183609791952673,1.12466268972133,1.1005384138468368,1.078776589684643,1.1594407035343368,1.1625573690557236
30,3,2025-07-11,2025-08-14,-0.0006839659062103875,-0.004607440932559966,-0.003264658769233909,-0.004402750891784818,-0.0036777508523978975,1.1238934587855738,1.0954677481110242,1.075254752231085,1.1543359749428794,1.1582817727007175
30,3,2025-07-11,2025-08-15,-0.0024357953409967436,-0.00017920547667627236,-0.0014920477679145866,0.00033430750351834995,0.00017675221407672273,1.1211558843348872,1.0952714342910406,1.073650420778079,1.154721878120884,1.158486501568567
30,3,2025-07-11,2025-08-18,0.001475867327791578,0.0006909658583751451,-0.00015338307097205323,-0.0005577917544796507,-0.0004775571690028794,1.1228105616739383,1.0960282294577892,1.0734857409793896,1.1540777837785507,1.1579332580345498
30,3,2025-07-11,2025-08-19,-0.006503678761214463,-0.008610346786328136,-0.0034798187489795407,-0.002138910909421334,-0.004430947645225531,1.1155081624711123,1.0865910463145525,1.0697502051711674,1.151609314216506,1.1528025163915332
30,3,2025-07-11,2025-08-20,0.0011317785542134895,0.004146008671608182,0.003430100780414713,-0.0009681179230760746,0.006410754539677143,1.1167706706864473,1.0910960622150643,1.0734195561847737,1.1504944205990317,1.1601928503568415
30,3,2025-07-11,2025-08-21,-0.001312042762081666,-0.0017107309668610775,-0.0012221291355107933,-0.00300311775346662,-0.0008878916669049494,1.1153054198110681,1.0892294903936128,1.0721076988705331,1.1470393503792664,1.159162724793007
30,3,2025-07-11,2025-08-22,0.018688903233614603,0.015041918382274058,0.014361692471302501,0.020559727654801734,0.010474367289372935,1.1361492548778431,1.1056135914876795,1.0875049799378276,1.1706221670324048,1.1713042209206392
30,4,2025-08-22,2025-08-25,-0.004164377925101902,-0.006633284263944307,-0.003425048986219706,-0.006824439771263959,-0.007637797406401151,1.1314179000012088,1.0982797422492614,1.0837802221087827,1.1626333265585855,1.1623580365799848
30,4,2025-08-22,2025-08-26,-0.0008476753523443611,0.0020826616292158005,-0.0003020751788893668,0.003623092183415409,0.0023685027308694186,1.1304588249341767,1.100567087326589,1.0834528390043123,1.1668456542762182,1.1651110847638726
30,4,2025-08-22,2025-08-27,0.002462957351999279,-0.00016988577084362896,0.0016706397260431468,0.0017447695297147792,0.0002982784653419026,1.1332430968081808,1.1003801166385934,1.0852628983584471,1.1688815310196794,1.1654586123101887
30,4,2025-08-22,2025-08-28,0.003960000954072418,0.00614912454331042,0.004325770069997133,0.004470778550698914,0.006042118058132326,1.137730740552737,1.1071464910207867,1.0899574961222445,1.1741073414968703,1.1725004508376338
30,4,2025-08-22,2025-08-29,-0.005684279771318132,-0.00010607831308900508,-0.001173211952712453,-0.003949964598345119,5.6807503717533694e-05,1.1312635607190062,1.1070290467886768,1.0886787449598452,1.1694696590633007,1.1725670576613536
30,4,2025-08-22,2025-09-02,-0.001702000313892127,0.003016988893654232,0.001555014815266667,-0.0027679464913477198,0.00278522510892373,1.1293381497835677,1.1103689411277908,1.0903716565373238,1.1662326296237588,1.1758329208722489
30,4,2025-08-22,2025-09-03,-0.0014284192107267496,0.004661781498288731,0.0013008722756486669,0.004821714560942995,0.0044325259146768565,1.1277249814750103,1.115545238513815,1.0917900907954663,1.1718558704754627,1.1810448307653454
30,4,2025-08-22,2025-09-04,0.005208377377585245,0.0017489907185290535,0.0026847578888075,0.0068939081479743635,0.0023270359494248216,1.1335985987566626,1.1174963167820748,1.094721282854651,1.1799345372091852,1.1837931645444186
30,4,2025-08-22,2025-09-05,-0.0014035966376625315,0.004948885101893408,0.003058908056959433,0.00504139247306268,0.004121716132719854,1.1320074835749887,1.1230266776556186,1.0980699346069,1.1858830503037785,1.188672423928525
30,4,2025-08-22,2025-09-08,0.00506393069218734,0.00715482861567156,0.005143359459412666,0.006879236954050154,0.006831910428336023,1.13773989101485,1.1310617410650716,1.103717702992157,1.1940410208066101,1.1967933274574378
30,4,2025-08-22,2025-09-09,0.0012526566273409162,-0.00016821378945873171,-0.0007613739984890733,-0.00140744833984033,-0.00024483549773888884,1.13916508842952,1.1308714808834952,1.1028773610314266,1.1923604697541745,1.1965003099674192
30,4,2025-08-22,2025-09-10,0.002884701377386794,0.002488475296223224,0.0032336120316019,0.0011263029548835902,0.0019195429083217923,1.1424512395291835,1.1336856266268773,1.1064436385354393,1.193703428874545,1.198797043652222
30,4,2025-08-22,2025-09-11,0.006475946937576293,0.008507375674273957,0.005513029183337834,0.008576338118085489,0.008436686841929407,1.1498496931351427,1.1433303161491168,1.1125434946044037,1.203941033093291,1.2089109188965466
30,4,2025-08-22,2025-09-12,-0.001779179288337169,0.001847819723671284,-0.0002835741370337663,-0.0024291794490791754,0.0015950690970954551,1.1478039043764159,1.1454429844579685,1.1122280060430088,1.2010164442777975,1.2108392153444196
30,4,2025-08-22,2025-09-15,0.0065723895216251785,0.007540151003351014,0.005658771063785714,0.005792121477107989,0.007258233763851086,1.15534771873042,1.1540797975265107,1.118521849699937,1.2079728774190588,1.2196277694198274
30,4,2025-08-22,2025-09-16,0.0022332388937661204,-0.000237226369481523,0.0014162501552895067,-0.0006602460941179996,-0.0007478693058808822,1.1579278861917126,1.1538060193660515,1.1201059564432692,1.2071753180449425,1.2187156472464784
30,4,2025-08-22,2025-09-17,-0.0008071837554180395,-0.004161949918641014,-0.0034630631079601197,-0.001662728259015685,-0.004108520153244289,1.1569932256120332,1.1490039364976234,1.116226958828504,1.205168113530043,1.2137085294486922
30,4,2025-08-22,2025-09-18,0.0060113164128129705,0.0027578918593212463,0.0016555597395409806,0.004518241755849549,0.0030284308519432134,1.1639482779786683,1.1521727651004183,1.1180749392417308,1.2106133544234128,1.2173841618045413
30,4,2025-08-22,2025-09-19,-0.0020058589662275443,0.0069309194232989825,0.0004559855357745066,0.0016984468700805492,0.007220301558668708,1.1616135618890597,1.1601583816970489,1.118584765241937,1.2126695168861108,1.2261740425655172
30,4,2025-08-22,2025-09-22,0.0035361912459085463,0.009413115479043634,0.004106644967178886,0.00516648215744348,0.009246728159236736,1.1657212495977405,1.1710790865179435,1.1231783957384809,1.2189347523079785,1.237512140613033
30,4,2025-08-22,2025-09-23,0.0006251966635328525,-0.0018770906404132265,0.0022169853679310132,-0.0009509648131248694,-0.0019915155217347037,1.1664500546335983,1.168880864925457,1.1256684658074094,1.2177755882490386,1.235047615976667
30,4,2025-08-22,2025-09-24,-0.00151063787388347,-0.0046648855211877515,-0.0025870173461885865,-0.00558175540265033,-0.00469587012635496,1.1646879710030753,1.163428169502673,1.1227563419603082,1.2109782627801138,1.2292479927721762
30,4,2025-08-22,2025-09-25,-0.0037650367829789857,0.001554435815962445,0.000318524661566533,-0.003562382611758835,0.0016737767789579638,1.1603028779515556,1.1652366439186475,1.1231139675441526,1.206664294873568,1.231305479518059
30,4,2025-08-22,2025-09-26,0.004719258642727142,0.006871123748266639,0.00460365098668618,0.005270985466604825,0.007275971796104319,1.1657786473365097,1.1732431290950274,1.1282843922689982,1.2130246048349176,1.2402644234594211
30,4,2025-08-22,2025-09-29,-0.0017020430651296914,0.00799741385172706,0.0021099617794456543,0.00574384149769276,0.007624299786908857,1.1637944418743345,1.1826260399470956,1.1306650292130307,1.2199920258978907,1.2497205712389134
30,4,2025-08-22,2025-09-30,0.0007323087348769597,0.003154443968752839,0.00047289645535459994,0.0027970130965780295,0.0030326219860499657,1.1646466987097204,1.1863565675260968,1.131199716697539,1.2234043595720479,1.2535105013196715
30,4,2025-08-22,2025-10-01,0.002510288386160609,0.00590763221531726,0.0030179478827196335,0.0035320997851060994,0.005570445148057457,1.1675702977914715,1.1933651258032671,1.1346136184874793,1.22772554584759,1.2604931128097865
30,4,2025-08-22,2025-10-02,-0.0005673745486346549,5.7496428198910885e-05,-0.0014195035673982602,0.0020723127999942243,-8.322099921738869e-05,1.1669078481207629,1.1934337400355381,1.1330030304084178,1.2302697772111297,1.2603882133134319
30,4,2025-08-22,2025-10-03,0.0031620413123099184,0.006279548661847189,0.0036008107896497894,0.0031718191990813263,0.006389594722956772,1.1705976589441793,1.2009279652807816,1.1370827599450182,1.2341719705105374,1.2684415831900964
30,4,2025-08-22,2025-10-06,0.005282025503375141,0.007247822804198862,0.0036688345586083464,0.0041015907732589296,0.0069456750317337165,1.1767807856329138,1.2096320783737438,1.1412545284707023,1.2392340388773981,1.2772517662236726
30,5,2025-10-06,2025-10-07,-0.004634108154004601,-0.006589512892633604,-0.0022770317536483535,-0.004562059136394152,-0.006820580336497763,1.1713274561987363,1.2016611921979568,1.1386558556703796,1.233580579908207,1.2685401679422104
30,5,2025-10-06,2025-10-08,0.006135167471445032,0.01181857586677063,0.005424605394302865,0.009743353783749659,0.009907600472275888,1.1785137463064173,1.2158631161641023,1.1448326143673035,1.2455997919190156,1.2811083571092154
30,5,2025-10-06,2025-10-09,-0.006753201791183902,-0.00629992922216946,-0.005637279760152859,-0.00463741444323825,-0.004833726600189993,1.170555005163926,1.208203264588422,1.138378872641568,1.2398234294534758,1.274915829565731
30,5,2025-10-06,2025-10-10,-0.02945151647027031,-0.016621926975293282,-0.013144909601013754,-0.007964660845728147,-0.02396795908109665,1.1360803851499832,1.1881205981531222,1.1234149852689905,1.2299486563292914,1.2443586991308573
30,5,2025-10-06,2025-10-13,0.017611251113837566,0.023520411255557323,0.014690242509012373,0.01945135662692518,0.02326241008656194,1.1560881820983648,1.2160656832428824,1.1399182238408505,1.2538728262763599,1.27330548148482
30,5,2025-10-06,2025-10-14,-0.001331909801334812,-0.000812764444830952,-0.00034530416655633995,0.0026510931291645317,-0.0030078654310830588,1.1545483769174207,1.2150773082929636,1.1395246053286248,1.2571969599109474,1.269475549943853
30,5,2025-10-06,2025-10-15,0.005538189015075204,0.013394746077731425,0.007363017886467213,0.012322722124748248,0.010547828068300168,1.1609424840558378,1.2313529603023612,1.1479149453797288,1.2726890487040081,1.2828657597815716
30,5,2025-10-06,2025-10-16,-0.006888311972006713,0.00419123236759673,0.00020591618021100654,0.002317893666147643,-0.003884175771920058,1.1529455500441048,1.2365138466855166,1.1481513196404887,1.2756390065889747,1.2778828836788023
30,5,2025-10-06,2025-10-17,0.0022298480479846653,-0.008067183052996692,-0.003017316943413007,-0.008183135161923734,-0.004825421415921583,1.1555164434283034,1.2265386631367394,1.1446869832101354,1.265200280180235,1.271716560244859
30,5,2025-10-06,2025-10-20,0.010352249232087267,0.01647889602065792,0.010381764616402027,0.015737203488956335,0.012237807481201434,1.1674786376424484,1.2467506662318866,1.1565708540292823,1.2851109944437158,1.2872795826797914
30,5,2025-10-06,2025-10-21,-0.001281655115568692,-0.025274532021992757,-0.01110231206408964,-0.022427764628519656,-0.013412758695727172,1.165982332674197,1.215239626594768,1.1437302434836185,1.2562888275388093,1.270013612263371
30,5,2025-10-06,2025-10-22,-0.0006701213269338204,-0.0037386542660318507,0.0012205174844291534,-0.0031226189340640316,-0.0019142862511559282,1.165200983046244,1.2106962657805487,1.1451261862432607,1.2523659162592835,1.2675824426666342
30,5,2025-10-06,2025-10-23,0.011767921608972547,0.0070678097921965406,0.006625288616570613,0.004254356391117092,0.010653920373614935,1.1789129768734299,1.2192532367032083,1.1527129777295149,1.2576939271991383,1.2810871650777969
30,5,2025-10-06,2025-10-24,0.006908794494038622,0.004124679455286831,0.0033157157006304997,0.003608267631056725,0.006430465860350293,1.187057844357004,1.22428226547943,1.1565350462480932,1.2622320234864275,1.2893251523569624
30,5,2025-10-06,2025-10-27,0.007987453458818076,-0.0021054832922567414,7.480461406372051e-05,-0.004292935387843967,0.0021186364319009734,1.1965394136417302,1.221704559624457,1.156621560405879,1.2568133429651327,1.2920567635973121
30,5,2025-10-06,2025-10-28,-0.0023307256705249004,0.0008863725625790133,-0.002796785296839917,-0.001950611769404732,-4.1679858781248674e-05,1.1937506085145606,1.2227874450256857,1.1533867382317278,1.2543617880664,1.292002910853868
30,5,2025-10-06,2025-10-29,-0.00018568057263629908,0.0012048770471585425,-0.0024297523376457333,-0.004638753604448534,0.0025230233497991303,1.1935289522179866,1.2242607535517507,1.1505842941082995,1.2485431128007245,1.2952626643659606
30,5,2025-10-06,2025-10-30,-0.007466403552748211,-0.00016703982378909684,-0.0011455796250534856,0.0020342567659857843,-0.0034076520412158187,1.1846175834088384,1.2240562532512056,1.1492662081840626,1.2510829700755641,1.2908488599038233
30,5,2025-10-06,2025-10-31,0.0034802635389958197,-0.0008361691743986899,0.0008384912046277668,-9.3303668847373e-05,0.001986584078576288,1.1887403647920296,1.223032735144507,1.1502298577914007,1.2509662394444236,1.2934132396967564
30,5,2025-10-06,2025-11-03,0.0008927879602872012,0.0011081571486975313,9.132621942318646e-05,-0.0007527552792687399,0.0001696249697485746,1.1898016578776232,1.2243880476130484,1.1503349039357804,1.250024568003495,1.2936326348784122
30,5,2025-10-06,2025-11-04,-0.013270636987798155,-0.016962703035421113,-0.00904728172598168,-0.012358291084780244,-0.015587440040359116,1.1740122319884487,1.2036191167612693,1.1399274999806432,1.234576400528981,1.2734682137479931
30,5,2025-10-06,2025-11-05,0.004346193551238152,0.010174524168087519,0.003001232739094661,0.006915371919350436,0.007652042114642781,1.1791147163801916,1.215865368553929,1.1433486877137795,1.2431139555014918,1.2832128461512518
30,5,2025-10-06,2025-11-06,-0.00966742803854232,-0.008147191863795998,-0.003613581798568334,-0.006418761894796522,-0.009942856458814623,1.1677157097103998,1.2059594801157751,1.13921710370644,1.235134703013029,1.2704540450158628
30,5,2025-10-06,2025-11-07,0.0017166769745530545,0.002511030934903044,0.002666048687534013,0.00461599693365155,0.002017961366479782,1.1697203003820837,1.2089876816765854,1.142254311970593,1.2408360810147836,1.2730177721965927
30,5,2025-10-06,2025-11-10,0.01264457575385841,0.021363191235335675,0.011518659494619308,0.01675267274016989,0.018041683028450984,1.184510917331091,1.2348155167214074,1.1554115504464428,1.2616234018042192,1.2959851553321484
30,5,2025-10-06,2025-11-11,0.005228954473127715,0.004046672998576816,0.005601662954938567,0.005077941900023016,0.0056176922180532825,1.190704670990738,1.2398124113311477,1.1618837765262866,1.2680298521382904,1.3032656010539705
30,5,2025-10-06,2025-11-12,-0.004490144894195055,0.00909261676428839,0.00045949104032563977,0.007172514912411234,0.0026814616098890837,1.1853582344917948,1.2510855504469902,1.1624176517115004,1.277124815162135,1.3067602577306858
30,5,2025-10-06,2025-11-13,-0.014901267128922601,-0.015723609780048844,-0.011171419430944018,-0.01601670623743512,-0.016722824842961146,1.1676948947961645,1.2314139694503041,1.1494317965702983,1.2566694821691444,1.2849075348289127
30,5,2025-10-06,2025-11-14,0.0025132713107840804,-0.007287295746081388,-0.002494642681374053,-0.007328510034417861,-0.002748990104768061,1.1706296288750047,1.2224402916690638,1.1465643749512455,1.2474599672591211,1.2813753367301262
30,5,2025-10-06,2025-11-17,-0.010705426823503821,-0.011711451736663839,-0.006958145257428188,-0.009380457638143264,-0.010887384881139495,1.1580975390456578,1.208123741192228,1.1385864134833423,1.2357582218809675,1.2674245102619455
30,6,2025-11-17,2025-11-18,-0.00036303123304919684,-0.00388661692880117,0.00040482731295295995,-0.001695930510723476,-0.005849825216272999,1.1576771134680668,1.2034282270076238,1.1390473443616775,1.2336624618086023,1.2600102984020927
30,6,2025-11-17,2025-11-19,-0.0014003860088938856,0.001977979304323277,-0.0019295179488883574,0.000978450187663065,0.0013781088110828633,1.1560559186355495,1.2058085831348833,1.136849532066098,1.2348695390758717,1.2617467296963758
30,6,2025-11-17,2025-11-20,-0.01548324716025435,-0.012973825549204853,-0.008311593419587593,-0.01115482877766194,-0.015380919309814126,1.1381564191162403,1.1901646329315574,1.1274005009763162,1.22109478080473,1.242339905057494
30,6,2025-11-17,2025-11-21,0.004785011767392024,0.004208955983892262,0.0047189975578264065,0.004898474766727389,0.009765800379646878,1.1436025109748442,1.1951739834851516,1.1327207011871157,1.2270762827762844,1.2544723485739548
30,6,2025-11-17,2025-11-24,0.01743024635760911,0.01494009383970896,0.010457907715389432,0.015007924717858306,0.014035272479756507,1.1635357844763161,1.2130299949531986,1.1445665897474417,1.2454921512512602,1.2720792098045104
30,6,2025-11-17,2025-11-25,0.005091951597563251,0.006194597848579973,0.004442933108100667,0.005895860282924085,0.010194792727374677,1.1694604523729022,1.2205442279501988,1.1496518225434564,1.2528353989585161,1.2850477936812699
30,6,2025-11-17,2025-11-26,0.012940733594691018,0.012526555509019629,0.008715206440659854,0.012368397229668596,0.011137629351630398,1.1845941285365866,1.2358334429728306,1.1596712755118035,1.2683309648362255,1.2993601797064223
30,6,2025-11-17,2025-11-28,0.014511648236603248,0.013930953716281497,0.008281384416735755,0.012390279172123276,0.010342198421394428,1.201784541833055,1.253049781467918,1.169274959141363,1.284045939573195,1.312798420505805
30,6,2025-11-17,2025-12-01,-1.5278572376451792e-05,0.0017116184710290838,-0.0025250803561742132,7.978891356548844e-05,-0.0025824721208797825,1.2017661802809516,1.2551945246189975,1.1663224459110688,1.2841483922036816,1.3094081551845136
30,6,2025-11-17,2025-12-02,0.0015313880501275064,0.003199841847212717,0.00031117259738492014,0.002396481415533017,0.0035152322373076463,1.2036065506484812,1.2592109485852656,1.1666853734959515,1.2872258299603845,1.3140110289434115
30,6,2025-11-17,2025-12-03,0.005236602265843458,0.00236578959384726,0.00391772293294098,0.0032145595545208434,0.005727016901801384,1.209909359438791,1.2621899767438873,1.1712561235392234,1.2913636940509097,1.3215363923153238
30,6,2025-11-17,2025-12-04,-0.0007867502550280251,-0.003325966006088889,-0.0008459450653922934,-0.003295838632115608,-0.0009081783731835409,1.2089574629416917,1.257991975788011,1.1702653052012049,1.2871075676999453,1.320336201544448
30,6,2025-11-17,2025-12-05,0.0060612679599822625,0.005410144803255053,0.0024817823990120336,0.00381359375765434,0.004002697291473058,1.2162852780768016,1.2647978945383571,1.1731696490378276,1.2920160730855557,1.3256211076822038
30,6,2025-11-17,2025-12-08,-0.00502055429220193,-0.0030043766072626503,-0.004722676449226066,-0.0026156197088349144,-0.0025178342670995712,1.2101788518034111,1.260997965331091,1.1676291483653698,1.2886366503806614,1.3222834134320909
30,6,2025-11-17,2025-12-09,0.005535052015062841,0.007013582569577816,0.001992770790200607,0.007865761377561628,0.004039501125081151,1.2168772546956719,1.2698420786810103,1.169955965626019,1.298772758774936,1.327624778768326
30,6,2025-11-17,2025-12-10,0.010309505434066928,0.009074799728356633,0.007469246371336648,0.008985365353147617,0.010178315127813363,1.2294226573655493,1.2813656412316805,1.1786946549768949,1.3104427065232442,1.3411377621381235
30,6,2025-11-17,2025-12-11,0.003277034613514283,0.007159765577331572,0.0030921197101806074,0.00642576526594717,0.006599479541169616,1.233451517968375,1.2905399188417466,1.1823393199518333,1.3188633037498352,1.3499885733612442
30,6,2025-11-17,2025-12-12,-0.013954569539599386,-0.010642466768261517,-0.00826665583851344,-0.011501291721422453,-0.012714102428747646,1.2162392329871607,1.2768053906423584,1.1725653277094494,1.3036946721527294,1.3328246803618906
30,6,2025-11-17,2025-12-15,0.0011080440064449417,0.0049585736310451085,0.0008994504631367603,0.004579287815562973,0.0018723531340605363,1.2175868795796754,1.283136524184374,1.1736199921365158,1.309664665280133,1.3353201988293195
30,6,2025-11-17,2025-12-16,-0.007107995295595859,-0.0033601972624305427,-0.004060988635045387,-0.0019422149636183592,-0.004105806129785157,1.2089322777676437,1.278824932348485,1.1688539346865874,1.3071210149699037,1.32983763297174
30,6,2025-11-17,2025-12-17,0.0029339189735731793,0.0006858465018747908,0.0021329397020829325,0.0015877389165730332,-0.004616398148931556,1.212479187115151,1.2797020099548466,1.171347029649816,1.309196381874042,1.3236985729845099
30,6,2025-11-17,2025-12-18,0.002267669818836581,0.003622348158292037,0.0013743403471363992,0.0036537588544228554,0.005638614136211314,1.2152286895737396,1.2843375361737692,1.1729568591331623,1.3139798697464924,1.331162398470223
30,6,2025-11-17,2025-12-19,0.012501740211673502,0.010385146386754859,0.005697264496651133,0.00895086610308111,0.0102888340851727,1.230421162948563,1.2976755694969377,1.179639504602805,1.325741127622737,1.3448585075285038
30,6,2025-11-17,2025-12-22,0.012032544965447051,0.01057394392385703,0.008244787564288661,0.00994631148230795,0.007756735939404032,1.2452262609181792,1.3113971182001576,1.1893653817206977,1.3389273618229791,1.3552902198472634
30,6,2025-11-17,2025-12-23,0.008648291759373513,0.010983876950537949,0.005962215068648013,0.009787896420193358,0.006291457172636359,1.2559953409290334,1.3258013427797581,1.196456633921721,1.3520326441546653,1.3638169702219256
30,6,2025-11-17,2025-12-24,0.002650865113314276,0.0022903213349922884,0.0025879004801148066,0.002347067256593975,0.0032793478814108486,1.2593248151607876,1.328837853881088,1.1995529446190836,1.355205955703607,1.368289400513855
30,6,2025-11-17,2025-12-26,0.010239552687275085,0.016596599553931196,0.005488308819838359,0.015603092460963069,0.009558271162587806,1.2722197379560196,1.350892043614058,1.2061364616248995,1.3763513595340982,1.3813678816328614
30,6,2025-11-17,2025-12-29,-0.011261474686519859,-0.019902118719197393,-0.008283982454761581,-0.018914951113410444,-0.010949624694726741,1.257892667581337,1.3240064297852316,1.1961448483387507,1.3503177408536347,1.366242421763632
30,6,2025-11-17,2025-12-30,0.005978910965848856,0.006973681132910751,0.00302386014694826,0.0062652160895162725,0.0034011723447020296,1.2654134958454,1.3332396284444776,1.1997618230756197,1.35877777328959,1.3708892477046932
30,6,2025-11-17,2025-12-31,-0.01563078414162789,-0.014964154264878906,-0.01031804512182546,-0.015177364053524326,-0.012131801806073421,1.2456340906419379,1.3132888249723846,1.1873826264496818,1.3381551083565368,1.3542578910534628
