Date,JPM,BAC,GS,MS,WFC,C,AXP,BLK,SCHW,PNC,USB,COF,CME,ICE,CB
2025-01-02,0.001209803502358442,0.007736246563054605,0.0041039303616718925,-0.0074769648711683345,-0.0007116698488982554,-0.0063928621533402286,0.005525855835494697,-0.0075211359908857744,-0.0022969746553119785,-0.007570663402181266,0.0006269902634497004,0.0021871214593274235,0.002110128735081096,0.0022146242787768333,-0.013680718948546278
2025-01-03,0.01366661991594098,0.011740665923829274,0.008974464838911622,0.009296362482459575,0.015956573946388275,0.015155660007762917,0.01796928265940889,0.0033713674161490736,0.008261079561192375,0.022153698001970756,0.020894381493082648,0.009624510368595907,-0.0009454266430277691,0.003348048222216349,-0.0028989721145735725
2025-01-06,-0.0048755125537173205,0.013166864220845564,0.005619418967189427,0.02143875091828784,0.010096815234832635,0.024507073421393466,-0.003959343816994143,-0.007924971849018192,0.00040309418396411445,-0.00020448384221660731,-0.00266059666309848,0.01712571211427716,-0.028731122015083432,-0.0217564286744657,-0.016266157943592985
2025-01-07,0.009632605081599577,0.014977889955305468,-0.005605156398954314,-0.013681655360666345,-0.006108592509192157,0.01292277959028465,0.00046370310504317835,-0.03157771396984155,-0.029806718049254832,-0.004192444904760562,-0.0006156602068708716,-0.008881842973715748,0.005269575691293493,-0.0009552576646150168,0.005424574927945569
2025-01-08,-0.00016447927761531478,0.0028210202354495006,-0.00017235451002972635,0.007723928725442475,-0.0002794098696281555,-0.005700265865516085,0.002748263049267452,0.00544477465783344,0.010240710232078953,-0.0004620785819634543,-0.0036959868511573513,-0.009621294554085669,0.010087706620965031,0.0008878352249128696,-0.007851086242477101
2025-01-10,-0.013408559631929995,-0.023804191493294713,-0.034516199888503185,-0.03449083707209222,-0.022495533586439298,-0.025388942523211444,-0.03153387292900878,-0.030889334260015278,-0.00315063687607664,-0.02907332917600347,-0.023495589500590608,-0.026923569545643233,-0.00043607282639546163,-0.02572152003946393,-0.03352696627038787
2025-01-13,0.01809328827626011,-0.0011086077906570235,0.005267922102757838,0.004374273047174304,0.008147534208472695,0.019187457561773646,0.012683354686281012,-0.0006592294963611023,-0.0015115283963008652,0.018040265240712117,0.02131695276552703,0.028752438986021644,0.0010906576721623207,0.007632921597723996,0.015715480520281044
2025-01-14,0.013349003051217334,0.015978780069390464,0.015241063831617385,0.005081007208101118,0.00935776207235084,0.010031732364672141,0.011244956763905911,0.008544308973545967,-0.0044042386864044936,0.017045335951160867,0.013845851775863283,0.024344297977911822,0.00993684006714246,0.009451787063029071,0.014325884051506588
2025-01-15,0.019719707706815193,0.02883357345654436,0.06017183559439654,0.04758477323902954,0.0668632381889982,0.06489780495523068,0.03981895124347079,0.05192231369386224,0.018247341843076192,0.03261036330778855,0.03750517768508099,0.03226509186506665,-0.01661406321295833,0.020585260281798412,0.01092246782126205
2025-01-16,0.007608423081703508,-0.009766512261354388,0.011668166510593547,0.04029104523795923,0.0,0.0030664070839294677,-0.0026895146774489342,-0.01723284640054734,0.0251153390025467,-0.019457290401293403,-0.056385104212955395,-0.01174749059701552,0.019439918972714354,0.013424061191513292,0.01907520806695917
2025-01-17,0.01923160038723748,-0.002358591122270104,0.021126142877293752,0.015168045650671758,0.014878281337716626,0.01885108132946378,0.0034672015778804965,0.009279765575536114,0.011918947449728323,0.010176119966555985,0.006870794004706138,0.01342603087614247,0.0017218975910793244,-0.007455252401517676,-0.014806271712993535
2025-01-21,0.014932798675082903,0.002794077481699242,0.01405873730762397,-0.004134258447223371,0.009989614529478663,0.021002602975541906,0.017244642892769946,0.007094888723106152,0.059154565476699394,0.00010080972213488693,0.01985110267258694,0.011729733508814899,-0.0019766236843971052,0.017504089258381095,-0.0023008214860464893
2025-01-22,-0.0007225256023491999,-0.018645522492180433,-0.0031666136305364967,-0.009468174552577313,-0.003981947049454981,0.00024503315753388044,0.01352433662427277,-0.005681367695408834,-0.004077756814791056,-0.011382098693771936,-0.013990296571904204,0.03995633559248324,0.0012055361638454443,0.016148054059473838,-0.0020084217389095826
2025-01-23,0.011832613904139366,0.013103236487607806,0.010699691953266699,0.013235235818807256,-0.0014185780690391114,0.003550026140484608,0.011233431360259782,0.011318191630460328,0.018362419490198345,0.006877313792130302,-0.004112591036676383,0.015428308163911497,0.003655406749343282,0.02276710813862337,-0.0067829226343474325
2025-01-24,-0.004173934469122398,0.0028024243224236134,-0.004065709400210005,0.00014510912067788873,-0.0014206950386476125,-0.006099089483547981,-0.013901108217612146,0.0026726027031014343,-0.0030457870465511183,0.009511713303891112,0.013214771803246261,-0.002450677022911907,0.005570321025656133,-0.0013318695743437248,0.0007503912853956685
2025-01-27,0.0038137577374568465,0.012252783503371,-0.005683693590217365,-0.0084892052061879,0.008018686970321376,-0.005032025292502129,-0.01531096311688096,0.00929973404465434,0.008554201158059271,0.01683952485800888,0.009578264399136671,-0.00501144876956916,0.009672769185981478,0.02133744495565626,0.03670788271387204
2025-01-28,0.004852399575814292,-0.005309048650220194,0.007137358781045489,0.013830823844202422,-0.0007700376315712409,-0.013938483705141835,0.0019594027900311506,0.02064196520975603,-0.010056873803703792,-0.005766494918778564,-0.022204289623306228,0.0030121207202349343,-0.01080400745784027,-0.0123733998473059,-0.015262731983421984
2025-01-29,-0.0020964446953393168,-0.001921455262084315,-0.0006585220532913105,0.0012271254588986924,0.006292003210794039,0.00863129040902244,-0.005645948090862052,0.0013414488150516046,0.0044062683977244,0.0022802401168093844,-0.016102493722334965,0.0038894861615332843,-0.008063467726055262,-0.010198844848973376,0.013075287212288345
2025-01-30,0.006189548691961644,-0.0006416618561017051,0.013053425850925393,0.00886743590866268,0.0057418851815975724,0.0152549269694644,0.011736769476860864,0.01796466521930662,0.018766763400248188,-0.0005439945567174975,0.00713379154736149,0.0034819401192480726,0.014709762328660725,0.014120380276833266,-0.0038067744608535348
2025-01-31,-0.0034670984362420443,-0.008989793956195924,-0.008208093543887074,-0.00420828816790908,-0.0002538801178083583,-0.005252647752001072,-0.004703141604433636,0.003714548318401567,-0.010526107222182501,-0.005542591081042159,-0.004583336292724782,-0.0044473785873183624,0.0025432220902896763,0.0024459454533793945,-0.010553761505324166
2025-02-03,-0.0018331000247032714,-0.0019438654007638556,-0.012539087988664321,-0.009174280607221696,-0.00837547247190662,-0.015580710922330265,-0.0028980014511019725,-0.05741518996534156,0.0003627004429964664,-0.016471765838909747,-0.019045576361960692,-0.013744966767338385,0.01746143369248876,0.00350368193824635,0.007540020339663611
2025-02-04,0.004235080433647953,0.010820133614468208,0.0028621547604130715,-0.0028433920134656177,0.017020774198765132,-0.014194197093646777,-0.002211599409599807,0.0018840196204461535,-0.011480503931354358,0.006779969035811462,0.012374597723394665,-0.003932192286761782,0.0078122828286590895,-0.0066711303631570296,-0.006205942899097816
2025-02-05,0.009292999515446931,0.008563550588527757,0.017771225369718202,0.015792896197017292,0.0072982389215352494,0.012487201485324118,0.014881522183629148,-0.0011420037474343392,0.0008558194295158472,-0.0004522369705579621,-0.0014751214178203575,0.01828910947448592,-0.0036697855510722244,0.008661815826128239,0.0020937881786562418
2025-02-06,0.023924935942238212,0.013373100517974468,0.01978446739702089,0.015475472781039556,0.01711422285957065,0.03611888112234185,-0.001185500538595452,-0.007767426217739404,0.021619601701284408,0.017798754598416178,0.007598170120854064,0.014034732290877816,0.011463446133671562,0.04343476049484907,0.0002932927383254569
2025-02-07,-0.00397253936598807,-0.007121995001586834,-0.003524557015671226,-0.0077969588399179335,-0.004319798210734249,-0.007409184920879164,-0.010557644046521597,-0.014484117809414165,-0.0054997695063717655,-0.008447330315420776,-0.010682840056395193,-0.01659887119292236,0.0017183694433406949,-0.005068886085917934,-0.00996767024762435
2025-02-10,-0.017258824681575247,-0.01540096215434672,-0.008187252468519701,-0.019074351698910252,-0.019461913773804684,-0.012114531297428455,-0.020551196017043916,-0.0065420275333023525,-0.02416448649578018,-0.01713838609549545,-0.007410649291567983,-0.02175103352196006,-0.012335178355682985,0.0017380397761486144,-0.013251531440472086
2025-02-11,0.014573468980057847,0.002571385407438509,-0.005057495308774085,0.003495922265318141,0.0068266739399949206,0.004706967043826671,-0.002223895032154477,0.0026888006582679314,0.025009190363689315,0.009833750479075087,0.015145012912093803,0.0024649622771351076,-0.00028941918407743294,-0.0010769051816693631,0.005176737684946309
2025-02-12,0.0016729817506517808,-0.012395924499574495,0.0027192549933081622,-0.004935064935064903,-0.004897077021469132,0.0019725397795038457,-0.010239990411126887,-0.014662891924934085,-0.011057710552354605,-0.018221126292224943,-0.0021012753485154523,-0.01374953621494801,0.029866935218794577,-0.002276300108970175,-0.010785118324332932
2025-02-13,0.0031584135969318083,0.0025969823399907277,-7.703105456091652e-05,-0.0019692023191091312,-0.005047400995057405,0.010212956127014117,0.003590097463005204,0.0067677727129593634,-0.008629059149195872,-0.0008179845566814725,-0.0021057000040252127,0.00391776568217983,0.004619079867411058,0.012067892319852058,0.01007271695788936
2025-02-14,0.0009770405707392182,0.013597904563698693,0.017875100850623937,0.01541943885108732,0.014331163803804392,0.030572628853130945,0.011512170041479974,-0.006508126693194893,-0.01180818224962954,-0.007777708095364044,0.007596481741295236,0.024580668318774368,-0.01851185558721702,-0.011034170614322547,-0.012026605491350373
2025-02-18,0.012147995963779579,-0.009156753606745172,0.017621644860752683,0.012666482179302996,0.010002467143229499,0.00023619357462378865,0.0058191947146579714,0.0040454698052661,0.014189771833323706,0.01345984648536569,0.0039791220823384155,0.006151961541724926,0.009654672625027505,-0.0012596344934789894,0.007901109314392585
2025-02-19,-0.0025004475915754165,-0.011175461977575352,-0.0060102242572819264,-0.0001421763595865766,-0.005323011775182573,-0.008153026959483722,-0.009365571345766655,0.008671993890641438,0.006504809973078007,-0.011754458783704624,-0.017104593788014877,0.034615410833445326,0.011700533596401552,0.0027626704445498085,-0.0006376448059941531
2025-02-20,-0.044583886577823306,-0.015431469643562346,-0.03874884235729936,-0.04513476092724711,-0.02140638171656939,-0.030974612978961535,-0.019553305551531897,0.003082185591813724,-0.00219496038079503,-0.011945880850528834,-0.007640181244785715,-0.0212087185459654,-0.009690843717003239,-0.0010182792337395385,0.0039409345803931295
2025-02-21,-0.009594935625787504,-0.010816700000252588,-0.025939428973815848,-0.01972605897666868,-0.014371158976976828,-0.020776914788369072,-0.027841826553204774,-0.015322830826945855,-0.01698641622819763,-0.020011418114788904,-0.019033294356020303,-0.025174044297399223,0.0022148888843345205,0.006475426453018462,-0.0008973447744888841
2025-02-24,-0.010974900709030844,-0.007810712866227365,0.0008630530083015842,-0.0130609500035197,-0.0036128811412075024,-0.013935969347502852,0.00044005685240455783,-0.021986853119201677,-0.00397820591450504,-0.005796337622123726,-0.00566822790236543,-0.0013985018921865988,-0.00450043441715664,0.003276263308489069,0.02316181202342471
2025-02-25,-0.015076241173897609,-0.011696040844427213,-0.017935440328854413,-0.0028467647775155536,-0.0157989478806293,-0.005092964119136512,-0.007410279174614898,0.00546824134353785,-0.013979043141085112,-0.002621011497705439,0.006577573373917511,-0.030062077885490424,0.01239159430145964,0.016565676882204228,0.01466512403217557
2025-02-26,0.005400283641020298,0.0,0.004651268862095881,0.011188325086482154,0.005920942217896297,0.011901706472549956,0.009408891435192857,-0.004425937183224149,-0.0037974890949122875,0.0029497320586824305,-0.0034852098264458453,0.014749141790850517,-0.011283091021400682,-0.00023361553254674927,-0.013660212802098504
2025-02-27,0.001004585700437044,0.004096359815913386,-0.015815019896906368,-0.013811567300303307,0.00222369135225553,-0.0025293137909717656,-0.006416974912461293,-0.009310309849689946,-0.0034307192475226955,0.008234306075693087,0.011584690611394555,0.0010672585215105723,0.007500452382630307,-0.0019280054548447279,0.029343031303916245
2025-02-28,0.02161751861816552,0.04487782831084419,0.02857850898441172,0.0299443178732266,0.022187370568214737,0.013693366942267193,0.022977560359964677,0.034808186281103826,0.014025288964357285,0.017819209474637,0.013396779995096031,0.018123657541530447,0.015689320691826047,0.013989715207647357,0.013454490081430404
2025-03-03,-0.015227722567590307,-0.011713620198805619,-0.027366665473417595,-0.02989998702974539,-0.016470917494666892,-0.03477175539050448,-0.018175166371860008,-0.01156710447285847,-0.01772910851564813,-0.012661497345493933,-0.014072502751233174,-0.0217901708933691,0.012255234283527594,-0.00017312370235711416,0.014747021486605671
2025-03-04,-0.0397896737595429,-0.06343285779409091,-0.03985059361527454,-0.057384153552216155,-0.04842269107021058,-0.06245962268542893,-0.04067806077382119,-0.015189192997301482,-0.03801838882843156,-0.047706950863474984,-0.035250781854189284,-0.05749816349756842,-0.01907505145400712,-0.01934171456952738,-0.019123864265529034
2025-03-05,0.00511480447341528,-0.008905639134695886,0.02052853938914101,0.016677661602094274,0.011732733546916396,0.008431430801729922,0.0025045521143076677,0.017178195705113586,0.02115764230418682,0.00011082680894269892,0.0013448582462818326,0.005678782000851035,0.009921340357763153,0.01036202829821864,0.010065228326332054
2025-03-06,-0.01983868977665615,-0.019626403645279344,-0.042827977172086085,-0.035393983244337734,-0.020361542273662936,-0.032620618762956965,-0.030051266140144084,-0.008779747721560094,-0.015376712280340987,-0.008256349872705737,-0.006491933010941531,-0.052809850556961524,-0.001728982265684298,-0.01142120339428887,-0.0025086218397399884
2025-03-07,-0.01727906740646723,0.004854611000181475,-0.014092777386829236,-0.0006701760569722826,-0.02202322154913483,-0.0017003156598860425,-0.00881583399196495,-0.00786859129611095,-0.012308218150872463,0.004414018056889679,0.007661212257390915,-0.01680580521849162,0.007041427905370101,0.0034777436405855067,0.0010478338811423793
2025-03-10,-0.04152206450390439,-0.03792268840903834,-0.05004738876553638,-0.06371028027880377,-0.06009859217558533,-0.04328684689523565,-0.04351962473954596,-0.03343470575315499,-0.045424086510200024,-0.028703440522379164,-0.052549339993104405,-0.05370452808793347,0.030286240511191886,-0.006402797453010645,0.022226906976593686
2025-03-11,-0.013263451766133527,-0.005523620805149454,-0.00043253236577900367,0.003133639864056903,0.007487276243972163,0.001335059744594469,-0.022692535639270095,-0.005342738451187601,0.017265840765888996,-0.026057988557502187,-0.019117249674004966,0.00933669210707766,-0.007053443948685123,-0.004670418986373881,-0.0077143767056837564
2025-03-12,-0.005411467040687068,0.007573776391911036,0.008053881882757352,0.01749369124414213,0.024524542195223376,0.006666631712203497,0.020987509221018774,-0.0003404799955960547,0.02414792720433878,0.005586230712528062,0.0028873044055366393,0.03053205355216848,-0.014245742979935194,0.0039202772058239965,-0.023116495242209933
2025-03-13,-0.011891151991178628,-0.006013476388027739,-0.020346857957629583,-0.020350741195197974,-0.006818598750831573,-0.010595832409316275,-0.01656763604004885,-0.010548769067058261,-0.009566223030575971,-0.012689289422899486,-0.0182342644047212,-0.025403380872100922,0.012153370210902903,0.0007100193726896631,0.016092390070611806
2025-03-14,0.032194948603208706,0.0307537365615973,0.03163041922411991,0.0327721304868025,0.03491095909862518,0.023054968106982265,0.03587729756137459,0.031361679895201444,0.048972982183399294,0.024579548955215857,0.026881937460952576,0.03461347713491936,-0.004464324019144317,0.011351422811675338,0.021972044342717822
2025-03-17,0.006410224758962135,0.013450647511014546,0.01834104034885553,0.022715432674274005,-0.00014141110132470658,0.016865427622875018,-0.00470594610983921,0.031549480844220934,0.008559146365122006,0.00583852531573692,0.0038077563561367267,-0.0384592999243194,0.018942322360783193,0.013131730625110638,0.011702179612695485
2025-03-18,0.004445780530868637,0.005067663938625566,0.0007980949229040579,0.0012716420354044189,0.0038115571121584146,0.004003333018473221,-0.006278719523772569,0.0006471693257041888,-0.002700334437227392,-0.003735619503543397,0.0023707841340379066,0.021299853402960256,0.011040510489859434,0.00011566384321359813,-0.005850638576364253
2025-03-19,0.017619302546524773,0.013445350147779367,0.010076418567718237,0.014732046639366558,0.023203534390722425,0.01737414180146346,0.030184325076460183,-0.0014498796907645994,0.01508512785417615,0.002768876680787624,0.009460707241526478,0.02263301277951224,-0.0038277039041288985,0.004917744726249174,0.0019955535582423245
2025-03-20,-0.00041824593794825837,0.006396669886133521,0.0095812579685699,0.005173145069529594,-0.0032986338387144265,0.005318946911262223,0.0006648523076451252,-0.00319676198272012,-0.0020322075659514605,-0.002415996419021127,-0.0016400786651983301,0.010834315162209673,0.0040305338932213886,0.010939094957567619,-0.007189942191999643
2025-03-21,0.01096189192307473,-0.00023544889379167877,0.00437189668787652,-0.0027393239004196435,0.0,0.0022281282715059803,-0.0011815052840115081,-0.0025573127050094735,-0.0022909630617596877,0.001153075496339806,0.005397709738108825,0.002005999480427345,-0.011968078988652153,-0.0068340591392060945,-0.009145891523582361
2025-03-24,0.026611029276322418,0.01412758334693498,0.0264712916541181,0.03437661213201104,0.02426928274147344,0.028618717608293487,0.027170983486152656,0.012367022974643982,0.02002795849770833,0.016876967595537584,0.021475207763698823,0.034549853138712505,-0.0015568235767854377,0.004931435278688223,3.435507801885507e-05
2025-03-25,0.012376008736707078,0.004875875993151757,0.010067313903011188,0.007483595350543437,-0.0005386805682278117,0.005807745615324711,0.005110573329709656,0.010358082123200996,0.009879978084775365,0.0019258748372432688,-0.0013710738022233437,0.008736061443059606,-0.003346832912485942,0.0021682907700646403,-0.00013720418255003253
2025-03-26,-0.00039816453661156714,-0.010628640329242711,-0.020514151863224916,-0.02396162184772077,-0.010371705125894137,-0.016516723771592856,-0.011744508859176439,-0.0053828016373117515,-0.007554012804137145,0.00022603649858288222,0.001601797743292055,-0.01430601279086785,0.0025184930947446116,0.0007402275189416496,0.013452189462900943
2025-03-27,-0.011592330551083774,-0.0060717829562840775,-0.026136106054264197,-0.026186612501544415,-0.01619698922711832,-0.018978713726047758,-0.014420561800304044,-0.0003097782995383769,-0.006738437198270164,-0.011021714665491178,-0.012337308535824154,-0.009342268342036997,-0.0033114477530769015,0.0034137245285377205,0.010293856858224704
2025-03-28,-0.0212396626452096,-0.030780116898834087,-0.028268550445543883,-0.030840160672553685,-0.021997775026960764,-0.021155259670993853,-0.02404213643908726,-0.021943474864813406,-0.02248738274939699,-0.017660167570767382,-0.022438025467278133,-0.02593314524734114,0.0014129078424292008,-0.009355738418185933,-0.006435119122600197
2025-03-31,0.010088536400891357,0.011636353060020976,0.005836431299576672,0.011618691389650326,0.015560819645405788,0.00938447694345168,0.013447314329307236,-0.00023239241974570835,0.006040503920216267,0.022631949770785198,0.011015345632555684,0.03325080701040806,0.011707941215302942,-0.012649687600388204,0.018722169845830416
2025-04-01,-0.006685670061961302,-0.005751299898255513,0.0039539409803377445,-0.007971219709287491,-0.0066861897116239355,-0.006338887702854734,0.0053150486343152,-0.0025357311939612215,-0.0077925645072352,-0.0064288491165643835,-0.010658514049026069,-0.006023428390246721,-0.011497115621266984,-0.005854914642065445,-0.001953724915491062
2025-04-02,0.008864857652152613,0.008676805781828278,0.02671163139450128,0.030499417550571062,0.013322112474996262,0.01729498847714317,0.017635280976873613,0.01881199385954524,0.011844915375427423,0.01357085744754416,0.029686411872452467,0.02221953976605695,0.0011441551017894458,-0.006122879744050347,0.0004645500288695814
2025-04-03,-0.06968516811463821,-0.11063329104653863,-0.09211496315445922,-0.09507837999574986,-0.09119854057599075,-0.12137681218984442,-0.09965485840808808,-0.07713338472476194,-0.0473341279261571,-0.08880865803537152,-0.09811658732859951,-0.09957180996892145,0.022168002526262498,-0.016897535005270692,0.0030510187464383165
2025-04-04,-0.0748383832377113,-0.0760342886782599,-0.07906424040294824,-0.0750486308063607,-0.0714175076126089,-0.07803321496284321,-0.05392725371663443,-0.07326089635224131,-0.07760129042851094,-0.050777938951026114,-0.050528575828637345,-0.08211393692122193,-0.05179611566369613,-0.06457378667065183,-0.07200957010899289
2025-04-07,0.019783186736028302,0.034603167690257175,-0.011257199350427904,0.010918561641576785,0.019514538986235452,0.012385939583452243,0.0025677812200117778,-0.006224044587224142,0.014190485735831704,-0.0018942207695735735,-0.0008146376479545303,0.027229826582082062,-0.00821346754588237,-0.013334381252916416,-0.022659126392879037
2025-04-08,0.011331779369826434,-0.015458366842017401,-0.007067504734969421,-0.006044378040851339,-0.0014476167033783405,-0.0013592595396572094,-0.012335753927961268,-0.0021774076504058604,-0.0015704474784861144,-0.01995954606318362,-0.010869528494858671,-0.014999611853911299,0.010540091920470118,-0.019592503265650985,0.002442326044912013
2025-04-09,0.08055519330102112,0.06051957578733447,0.11823368929715738,0.1135479638037118,0.06846002851948696,0.0915432883651488,0.1338434015751062,0.09974014528425945,0.07607607862792731,0.06991187328424697,0.07967038809026916,0.14807991369697548,-0.0035290052195432464,0.034230236146503,0.03501948271492994
2025-04-10,-0.03085262909005604,-0.034993275070309915,-0.052372996479286504,-0.045837007910715544,-0.04854515178437513,-0.03990648604989988,-0.05896489266210059,-0.04269401549160301,-0.018604613794248603,-0.05036508395116335,-0.05216297503361533,-0.07289465876385459,0.016763156936624446,-0.01033093947743613,-0.00801074059005058
2025-04-11,0.04002466138414196,0.0027894847819638358,0.009473320916866479,0.014449247024445278,-0.00950730235179198,0.000811822951470198,0.017173673279883506,0.023288766612949763,0.042112317285257994,-0.001117119567053404,0.016376064201923723,-0.007338459680187093,0.012190810739051594,0.004639625035782968,0.0036480246504075886
2025-04-14,-0.006265860053064953,0.020027854332962836,0.019294550854560777,0.009156450338782873,0.00943853156241592,0.02563273217851325,0.01692355069314111,0.012710873360537223,-0.0005196861860865543,0.021909335389559637,0.008980252850462778,0.009629186250823984,0.008220556518183209,0.024886112865837307,0.017539039967194192
2025-04-15,-0.006774030663413089,0.035996723109137374,0.007758327415037236,0.01218950375317629,0.022820931718098958,0.017557671649626627,0.009711004915619492,-0.0016967636617630788,0.003510108768631337,0.0004507048080004683,0.011256695664590088,0.006276133831980779,-0.0031098136292007084,0.0010011527220463723,-0.012277283787718085
2025-04-16,-0.015098866742150663,-0.017372836006880443,-0.017405426763019705,-0.023361124090781282,-0.008676736890027792,-0.03466500919582116,-0.01915769000643297,-0.025505289954726784,-0.019303038546129803,-0.014630453133654298,-0.020968148173834078,-0.021279202616634962,-0.005630065887049507,-0.009440309492806831,0.0009480992206116756
2025-04-17,0.010234810974314223,0.002143028791619095,0.02091975213324937,0.012238176884498353,0.011409841939058696,0.018518520863826105,-0.006365686544679394,0.011550271923263633,0.005944498694467004,0.00521310666411523,0.010047431239125215,0.016931279984193415,0.0043612082515931405,0.0012622995230313627,0.001824051194035503
2025-04-21,-0.01280389910226798,-0.013098244009227877,-0.015957160343694432,-0.026378387924242186,-0.010817487450591523,-0.008853848488642901,-0.03501649695992071,-0.02486935327879114,-0.0157584569130077,-0.01444224583638598,-0.01020932679042752,0.014683178825288357,-0.008379968583079433,-0.022755942944141738,-0.02034376514555858
2025-04-22,0.02882212978822407,0.03791990914700971,0.03715891523348103,0.03838178439746964,0.034682252247187684,0.02966997446808617,0.04086422386670252,0.0388993894698868,0.02174803764235378,0.028775010623780295,0.03147308884636124,0.03051585395260692,0.02008981701311363,0.036444554701265064,0.038029980859649815
2025-04-23,0.022454356963574673,0.011221345654955472,0.017923397131351493,0.017485056345977856,0.0258188673679709,0.027110678228118967,0.03058408263034207,0.005996097685795121,0.016583731813340163,0.019164869134586704,0.013076837565466182,0.03678024130713431,-0.015363658987805562,0.001929399243882246,-0.02041890503735766
2025-04-24,0.015609400046485034,0.021419310475734976,0.03034134739911809,0.029293899841584592,0.02384447315083693,0.028054398479717912,0.027600396252668746,0.026575962604753034,0.01965323800773655,0.014865530620938872,0.013667522851444458,0.048679710021309885,0.006845600379695949,0.012360874709179015,-0.008752483824683965
2025-04-25,-0.0044555749009299594,0.002779106547210475,-0.0009349929218660513,0.0035468267731766367,0.002444063560529397,0.003961108237983568,-0.009389577410601313,-0.009353261341833563,0.0070547773927240875,-0.008074995091332027,-0.003246011631566681,-0.012537181736631431,0.011509176346364614,0.0015339447308322374,-0.010248174471207627
2025-04-28,-0.0013549473928955447,0.002267602592347373,0.0028264383557710104,-0.001551688084556302,-0.004302378945280849,-0.00219185658217258,0.0005288516667409926,0.006665243121225073,0.0030021708362513166,0.007509674781079001,0.00651326553801268,0.00218903608458354,0.006083558783216425,0.0015315004185449954,0.010999201775871992
2025-04-29,0.005756076400934784,0.0052790361030639055,0.004611868297382138,0.003280642637678577,0.024052922051600145,0.008787146218536934,0.007812807271210476,0.007420085024078649,0.01346976654260712,0.005950751528963405,0.007964152778300315,-0.0002732014717086173,0.016571831061261255,0.017433430705461106,0.009816517146835402
2025-04-30,0.0,-0.0027507117476451848,-0.0024956946901196764,0.0011710994691724874,-0.0012656892151348131,-0.007258799323137777,-0.0022844576512018877,-0.0068005258038884575,0.0017229377256688938,0.0005601849927043823,-0.003950662616086342,-0.015403152712318624,0.017330060858397944,0.009859910972190411,0.003965541305577691
2025-05-01,0.009279747251048631,0.007271798830573939,0.011469285910358007,0.01160983198380161,0.011265871249456882,-0.003509810297030791,0.007995164111354924,0.0020563194875447,0.0013512791636485222,0.0018668974351085943,0.003966332256655658,-0.00022171359360256826,0.0001082818237923,0.01708642019953488,-0.009752472523419597
2025-05-02,0.02276312495905941,0.022404675011378217,0.02215478305572116,0.029633371183102497,0.02771221143211422,0.035955221918448244,0.03094513813514843,0.014255429557989974,0.019629440290176214,0.02826263912809779,0.02395055170639515,0.04222619818902662,0.012052921781289028,0.015277415099495872,0.014190394351855096
2025-05-05,0.00019795792079202457,0.0012175659811644035,-0.011552735080959553,-0.005157314637333932,0.0006774115591248187,0.002998723411746118,0.004262159440504343,-0.009330539205388622,0.0031284632143739888,0.0009666032572368533,-0.00024119535411715187,0.0003726301886024519,0.00752362574981591,0.003055656654397332,0.0018098300610425166
2025-05-06,-0.013105759571480857,-0.006809276841145406,-0.01822866169571158,-0.010618643779345294,-0.005010004084859743,-0.01096240880627286,-0.009567398420351592,-0.006040105039860855,-0.0064771846796718435,-0.013095979714505157,-0.011577364807086155,-0.011655111663097184,0.0014864324572734233,0.006954836491694261,0.004065001928146739
2025-05-07,0.0005616446188188018,0.0022037497442719545,0.004660031922676611,0.006507169071764629,-0.0040829164158120435,0.011228012403364795,0.003159451223894383,0.0058909252488128505,0.014246060387260728,0.0027517129546814623,0.00780867937908325,0.004523109990663299,0.006502254871373125,0.007648887427319284,0.004948007967893853
2025-05-08,0.016360065805669288,0.016369213544366712,0.024967430065198748,0.02334176093761453,0.0017763850275445137,0.019786456299443644,0.0268608649708737,0.008996591794783182,0.004285134876800045,0.016770362470763578,0.020338950791131793,0.015813474275752082,-0.00993622054596377,-0.0003398746326070956,-0.0050269597659714504
2025-05-09,-0.0015387044269007388,0.004567408171872733,0.0024746501011563282,-0.00147686719010387,-0.006309089567513304,-0.002652193161824412,0.0029964764585066472,-0.00559967523097904,0.0043996013992366745,-0.0017392912871909694,-0.0028476598576370193,-0.009182183079560091,0.008369288250761331,0.010539959208202276,0.003149194977705605
2025-05-12,0.02754067720521225,0.03756878459870472,0.04274398693036918,0.044042697252778984,0.03354034406224882,0.04842542432238206,0.05064847256184679,0.037457879566902275,0.010654747242903051,0.05142996269878486,0.04735837075629101,0.06492347022135925,-0.048813036254593656,-0.027420974525222408,-0.000793541568474665
2025-05-13,0.011382576735127214,0.02121770116613808,0.021087436657586167,0.018023049520001555,0.014823814980896355,0.008810701621029038,0.011307298626597628,0.001200334814751125,0.009956418664992972,0.014457199134105148,0.008179894620590655,0.005451304769209964,-0.007875306450657593,-0.003459476806174422,-0.014914624672737853
2025-05-14,0.009999657794188765,0.010388520483426422,0.012901490801859872,0.01306519665359307,0.0038162154785839064,-0.0037052183726877796,-0.007277535586501571,0.008215345369096294,0.010902491050648555,0.0018024625356352075,-0.00315531064868535,-0.01890160227974147,-0.007676813715191799,-0.005207139847413056,-0.013843528898726865
2025-05-15,0.006964116494483363,-0.008046592769231142,0.007030899740311014,0.011218074947881407,-0.009045638988668614,0.008898982988177151,-0.0018327473528871874,0.016565634842181876,0.010899436173703814,0.009052680714606964,0.00791333604452893,0.0013181364646883686,0.028992162127507326,0.016924505268371526,0.03792026055316744
2025-05-16,0.00026158555898159186,0.006985109664348732,0.005082031203169635,-0.00249035645813922,0.007805362784387482,-0.003159566099951161,0.0005676495499526979,0.006744169893666774,0.006582812555352868,-0.00022306190827248162,0.007626657847842111,-0.0014176992030180413,0.008357493049661935,0.008006901089115726,0.007806835205419693
2025-05-19,-0.010016375482095552,0.0017900935465127166,-0.010872014312719669,-0.010137683380008866,-0.0015752239814775804,0.005414665843152644,-0.001401450600413856,0.003991088773194873,0.006088597226121761,-0.004347310627098033,-0.0028939168284393135,0.0009634603355674898,0.0059719527449713095,0.00283690537125314,0.0008493678777128366
2025-05-20,0.003020355307047362,-0.0017868948375956428,-0.009439780647989782,-0.01306940872378004,-0.007099742775273699,-0.003021122027380141,-0.010457650040344157,0.004075841120181334,-0.000560478757785865,-0.006493416922041195,-0.00848407831748954,-0.007395838046135972,-0.00025187583323571516,-0.0026026082716426036,-0.0088940094720098
2025-05-21,-0.017464721204353495,-0.03222194703467285,-0.021532650731495462,-0.029660054956797688,-0.030852600701030797,-0.03267462486985784,-0.03433855975062872,-0.024937254550595145,-0.01794113310176182,-0.02935550618964866,-0.034226514617056614,-0.04603216125334719,0.013927268175734975,-0.008905728399719148,-0.0052745358560389866
2025-05-22,-0.0014173437429104707,0.0013873613771790971,0.008037660493564802,0.007661636337797262,0.0027325553648462897,0.0,0.004126017273224036,-0.0030117545422945202,-0.003082970792188555,0.0041795553207844005,0.005362330901804047,0.008719864495969842,0.0009231468386798891,-0.004120923829779022,-0.011466341594637885
2025-05-23,0.00015333690599939054,-0.0025398512952191643,0.0005181827871476585,-0.0015049082174931616,-0.0076304322767795085,-0.004494806625865211,-0.006824929809874258,-0.006928565177360735,0.001030746473533739,-0.006763394061281458,-0.004174271753276004,-0.01532248465020758,0.0073403014864701355,0.012183991306207176,-0.0034483839080567957
2025-05-27,0.017567509738517284,0.023611169095664852,0.0287197864528268,0.024906898483508355,0.015927398008630966,0.032562722340388595,0.029941705722856593,0.018833474836040587,0.01407330636774673,0.025724626417127805,0.018630677475105273,0.03765938235694932,0.0010208558438307147,0.013740481790522674,0.01268793450466088
2025-05-28,-0.006784942862151033,-0.0036183278961031684,-0.011839634146341482,-0.013156877062650119,-0.003513882131625845,-0.005830215972521424,-0.0013616743204707404,-0.010231014780388015,-0.006544016090107907,-0.01288025891135347,-0.011659822986421764,-0.005050805143391401,0.005697185916095027,-0.004144712215627067,-0.0025195524221823806
2025-05-29,0.0033396798874485434,0.004085390080893481,-0.005883890756186672,0.005097583788914006,0.010579136362372177,0.006664089103542548,0.0068857472536749675,0.005188927312965941,-0.003293605036078784,0.006495468250337533,0.012260036988571699,-0.001674591657233937,-0.0003846771958034845,0.0041057502378121224,0.017819991986056216
2025-05-30,-0.0013996090787817828,-0.0024864592283521114,-0.002342575007608927,-0.001014431397758364,0.003623613035924178,-0.0027804630427538113,-0.00450271495538479,0.003656546188470333,0.00660897743351585,-0.00736728776783635,-0.003884831268107569,-0.008439924082727868,0.01094891283530286,0.007113740165565208,0.010368943398530561
2025-06-02,0.0025002175157278206,-0.0011330501936882564,-0.0028813802918026266,0.002890028246051557,-0.0008023052173402601,0.00637303457010252,0.004352934508178974,-0.001857348975562001,-0.002603669696205846,0.0007480140309796823,0.00068821047610923,0.012212564701618023,0.005916941956352284,0.00289206665559516,0.009185756842283954
2025-06-03,0.006083044252151337,0.012931050585152759,0.008534862474527838,0.0021806111212263612,0.012446394386637527,0.00963046041753124,0.0069755113711975625,0.004151056411864529,-0.0012484115350875902,0.013625377566188757,0.01742319594036479,0.021779936586280746,-0.02889477296212839,-0.005434894227691389,-0.01173620023531352
2025-06-04,-0.007699022875010786,-0.006494945682707365,-0.007651121245008552,-0.004040964143076975,-0.003569110732819958,-0.0016986169642704274,-0.004909506800286123,0.0069644331575342555,-0.005909030448587815,-0.00822419423265841,-0.010815537351432258,-0.014159484508715736,-0.01569193007727676,-0.0011709226519704963,-0.015620241866235007
2025-06-05,-0.008591193730732583,0.0004507641380182559,0.011131344671631904,0.019194756440136462,-0.006367663773947818,0.003533938792515068,0.00010146029684077185,0.0017281795244266096,-0.00274363941980571,-0.0009150834389717311,-0.005011572651907326,-0.00445917911861704,-0.01072422595364686,-0.003182030941087932,-0.0008911047788239257
2025-06-06,0.014430329126416064,0.019265636743023284,0.013402118006135222,0.009186983650901759,0.01909216922201873,0.020738286457929966,0.02199605337544841,0.0036428155171837062,0.011577394545111641,0.02249572569927638,0.024954256681168907,0.031979211532718876,-0.0024008599625029436,0.0006720214324851259,0.007889718099505671
2025-06-09,0.0038006478636305463,-0.002223745206089478,-0.0007818470329969962,0.0009863248197616858,0.0017031816319512671,-0.0011501156097487586,-0.0030084608616907094,-0.00021226025034615237,-0.00045332721426227796,0.0006157810834614974,0.0022335413719800634,0.004289948573442448,-0.016996866097924945,-0.015166696643346134,-0.013681835772466622
2025-06-10,0.006973242193838436,0.004903125419955412,0.0022003228479794412,-0.0009853529416989915,-0.013209590655750003,-0.0017909401961919702,-0.006764853237968604,0.0030945279801892767,0.0006801240427134481,0.0037485363186429144,0.008246123967782015,0.010100929146979354,-0.00838444882403755,-0.0025004631791915033,-0.01224976791507959
2025-06-11,-0.001675303611693546,-0.00798403883790566,0.015125310941967562,-7.587113998164252e-05,-0.006891979225891909,0.004485433540079686,-0.001402180079276505,0.001411442136149521,0.001472848540018168,-0.00930829759330809,-0.0229883742989917,-0.002338232034980625,0.013340582199268258,0.011223174639606537,-0.002235930245347517
2025-06-12,0.00033552975766681925,-0.002459279243480994,0.0015059951014508854,0.0008344087500289366,-0.01227811426678227,-0.0019136593608691799,-0.003711142307528892,-0.0050841176748464,0.0011313076365799812,0.0,-0.0009051012048325591,-0.01421237442041301,0.004858315779943778,0.008901413221347632,0.012884870478236277
2025-06-13,-0.012265039017445467,-0.011878054051636444,-0.018508823671787744,-0.01842016699612037,-0.022294256799287426,-0.023903971604708363,-0.034229385362419706,-0.016625316291434156,-0.012881407780352516,-0.02458660229546028,-0.026494583726731635,-0.02453454681969336,-0.0053882809277672195,-0.0008958206372050581,-0.005306604087529143
2025-06-16,0.02041881018840974,0.007257819547569433,0.023323717826743362,0.010888876270937597,0.010917675656979542,0.02239388464784997,0.022342747965456544,0.010578164002579493,0.018429435872581834,0.010209373961511448,0.0037219323934154502,0.024840484267473872,-0.007383996400116444,0.007621605854789992,-0.0012552550758607728
2025-06-17,-0.003106976079671031,-0.004053145176586059,-0.005112704617271535,-0.0061879792621784,-0.008886007264507279,-0.00909429526032679,-0.00479235510112197,-0.013155551269170118,-0.00011237123984031427,-0.011076730696054526,-0.010660597734430066,-0.018722813665989047,0.008186657934231567,0.006618504790689039,-0.009182114364595706
2025-06-18,0.016473688641092776,0.018765640640916237,0.01696964429057024,0.01867958637054845,0.030896626781098613,0.012797346551358002,0.012328938838126913,0.01066883077178482,0.010678986162019566,0.011951539205733441,0.013586348677952609,0.0167594446685857,0.008898754188520375,-0.006796050020594913,-0.005813911975165675
2025-06-20,0.0037962112490776967,0.009764728383133914,0.00875275217348559,0.0014335831323737391,0.008830706250991582,0.0012762612714753985,0.007320499882433884,-0.005186304984174939,-0.007785638769631564,0.012095653185862032,0.0004621382616465386,0.006086188718574581,0.006945821635784055,-0.007398773545157056,0.0059188609391958025
2025-06-23,0.011890926128774959,0.0175824814081611,0.009488140431746395,0.009720562386640097,0.02135268483948405,0.011599711058976059,0.0034831258325549452,0.012171202847604201,-0.009303886514184234,0.018941330628700737,0.01848004880504983,0.016484405520091228,-0.0048540290883027915,0.007285726658583069,0.015397017610778274
2025-06-24,0.010744936680500139,0.007775384660974272,0.023543749992179563,0.014178895344843623,0.014283909249733329,0.02242943315481094,0.029202665909039638,0.018929238537404913,0.010635946833990717,0.00702617329591515,0.010206452249059916,0.023408003370053443,-0.004694564907101184,0.00623166345388837,-0.004892541577494414
2025-06-25,0.009955263149415083,0.004071967355427475,0.011720111721494009,0.013392263201064347,0.012290416693118589,0.01836334239602344,0.0006809471372044573,0.013045229252757862,0.005373894649832289,0.0026921124851115863,0.006286534357941687,0.008092645586887048,0.006079976896041117,-0.0017695219077886737,-0.013808501879736479
2025-06-26,0.016510590171581407,0.01302029840052299,0.025811041500481302,0.014739976743193939,0.011255711769845078,0.021057786206389872,0.009170848921281394,0.012484352326481263,-0.004008834682158735,0.016437437130864208,0.017849111866377276,0.01192135512443504,-0.0007324991575330397,0.0014957342511758842,0.002651923241434373
2025-06-27,-0.005679662203069924,-0.0071638607910765595,0.005311580078185774,0.006726412269258741,-0.005752919802548662,0.0001184642154838933,0.018527806106668487,0.01652111673052481,0.006037541566839222,0.0012936093981772423,0.003068766137461987,0.0023751438678745185,0.00707412380222161,0.005254218585100556,0.005465871273869993
2025-06-30,0.00975241957358719,0.00424439369444074,0.024521932811555347,0.0012083804891258598,0.0077988609608661275,0.008769844451145259,0.005643324133165706,0.001364840634784814,0.014003110218530068,0.0036069851444660017,-0.00022094969454866664,0.008293379121080635,0.003129983091744837,0.009463701207533592,0.01613359324202923
2025-07-01,0.0017246336083325264,0.017540241106446475,-0.0018225642195023317,0.0014908188942379663,0.017099341086666886,0.013510315214717128,0.011129279798737235,0.004784387787220679,-0.0007672825504231318,0.03272185049811793,0.027403378673826584,0.011374397856710905,-0.0007256157783931405,-0.008775339696750373,-0.00044869947097125884
2025-07-02,0.005475019671244752,0.011630241379924522,0.013348216390723477,0.01268865602425362,0.010676134451707231,0.005679888598140614,0.009549418540550025,0.015460917117549489,0.0018646376299686906,0.01656974686950896,0.021509968289019188,0.01686960601320253,0.0014522853579568284,-0.0006597580156477711,-0.03283952821512803
2025-07-03,0.0185821784467064,0.004516592634440375,0.010881579921248496,0.008959813253816007,0.015055796447078551,0.022591148743191125,0.010283774591330452,0.010816613832707045,0.001532800587642713,0.004394298264781771,0.009265110871106819,0.009597389275753043,0.0031903714348706647,0.007538145439353938,0.013281904140082235
2025-07-07,-0.013614850080196472,-0.00551809160541894,-0.017618301958220006,-0.002775016481945669,-0.015071794922491777,-0.012624048933260967,-0.0164568413287296,-0.0057106760481789864,0.012243130901046895,-0.0016280356637670135,-0.0031296211879698888,-0.012584201022562302,0.02114211052609316,-0.00010929342685694898,-0.013495329505138098
2025-07-08,-0.031475724723864174,-0.03103160265437721,-0.019200166473609337,-0.018157706569365772,-0.009108546455215638,-0.023173461208943924,-0.017816848951449193,-0.0008829611433390783,-0.0070194707921430455,0.008917195594721594,-0.002511474151724702,-0.002888355351680749,-0.02449122991277719,-0.011524246970384233,-7.139250701093669e-05
2025-07-09,0.0013437899209156612,-0.006574913498313739,-0.001032610821268487,0.002975933428382538,0.0024513242234638355,0.0025709406746958763,0.0011672809098095538,0.012771762379625962,0.004023912403420704,-0.009393842021649612,-0.0075534758356855525,0.00243677466711123,3.634849046219024e-05,0.006520104844945918,0.0001785488475318786
2025-07-10,0.017763693277095483,0.0027754729508928655,0.018031445485094943,0.010879453194482913,0.006969075899410981,0.01503675904843016,0.024862008669367164,0.014052895875717786,0.007798899873822096,0.009228091226569646,0.005708265739201357,0.012429582188301591,-0.0016326320285044993,-0.001866490093417772,0.001928597377445218
2025-07-11,-0.004614974022087548,-0.005109704205767729,-0.005880521445512654,-0.005660654714696789,0.0023069480040673884,-0.004019184061821113,-0.017740616517932795,-0.0021829242673833127,-0.011500324442862642,-0.00469802667941388,-0.009039308789445921,-0.004303787026758488,-0.000399781422099732,-0.00720504694967361,-0.00887583451723395
2025-07-14,0.006414352745816032,0.0072759393535482,0.011844744864923484,0.011877923350847253,0.010660224207843072,0.008877850812523347,0.004538791017691057,0.008913932258685309,0.007937284672916212,0.0018778492622510967,-0.0016971035387149946,0.004777333565243458,0.007197906289947209,0.007257336399159042,0.007732494087666408
2025-07-15,-0.007447207337646811,-0.019545364961750744,-0.015126802873127065,-0.01653114763280117,-0.05477656601165004,0.03680013582353858,-0.032001760757125575,-0.05875155510379604,-0.011758287259663436,-0.018140936019496512,-0.029111798947520917,-0.024904977728344435,-0.007435181612326924,-0.011164975431274371,-0.01613143409092277
2025-07-16,-0.0025475906805850768,-0.0026003314687826906,0.008982082897012633,-0.012712801604140678,0.013314872532281585,-0.007716013281904743,0.004023869378291467,0.03448798797654007,-0.0038205807188234076,0.00931610479001943,-0.00021887028206923897,0.005944166537901641,0.009200057645193827,0.005617756363157422,0.006964678660295931
2025-07-17,0.01427474110546334,0.02150773280010121,-0.004204183048378329,0.00794031144837315,-0.002502859769992871,0.03410348070973934,0.011061120771632238,0.021381643912882442,0.020162131130428307,0.010622451746124861,-0.010288981571881295,0.006370572212148318,0.0010450618372046527,0.0063053016314309485,-0.00770897203788834
2025-07-18,0.004725825418246288,0.006380297285196734,0.003428638873238521,-0.000496650768222695,0.011667226166106381,0.003867152146986408,-0.023465995985143984,-0.001619269783965871,0.029001203988598068,0.002704176721450846,0.01061713931944186,0.001284416050228776,-0.011230446516637516,-0.006705524079452463,-0.004828286415314409
2025-07-21,-0.0010300930906455008,0.0033812463355209488,-0.0031910802016149598,-0.002556170617619924,-0.004464306864462753,-0.008560557147987202,-0.01617149488822789,-0.009577904991808106,0.004697239247896556,-0.002493496786187377,0.0019698325386225957,-0.010995036472077557,0.0010920689616966683,0.0004980253431963177,-0.00040130392976567286
2025-07-22,0.0015808838540987136,0.006107831160471422,-0.007917825147285673,-0.003061226079060786,0.026158521365935883,0.014570920644972674,0.0038618894508439805,0.0067429054229324326,-0.008935069155075248,0.00382601539314531,0.008300459746431121,0.007133589573846466,-0.0013090070615362492,-5.529910748780509e-05,0.017188597362050917
2025-07-23,0.018289137740925776,0.007745408484316707,0.024428603723313236,0.015495630408983496,0.01602328705098821,0.021170214832223477,0.01486158988303643,0.018157082616787168,-0.0025160484755648582,0.004980244416427526,0.0028164288877916555,0.009382790639941074,0.00669964753400798,0.0011062142624711502,-0.03078247633869069
2025-07-24,-0.0007076313831584358,0.005193200347870519,0.002313459736515533,0.002039179901776045,0.0020310806384844504,-0.006250749328297056,-0.0013283527516527727,-0.0017850412938885674,0.014188146757524,-0.00814121621411612,-0.004968680738225539,-0.03704541710453302,0.002531755597859675,0.014253985744733466,0.00011103828525071968
2025-07-25,0.006980432701247485,0.0012399804361147293,0.01362665215419634,0.0035788763063144824,0.005365448430860065,0.007128704384111506,0.010900116651880953,0.004390404317702767,0.005803117387166434,-0.0005097482523405139,0.005644741934600406,0.007192516775688773,0.00855040583887301,0.0046847233621651885,-0.003812269993308859
2025-07-28,-0.0011386766042836838,-0.004540830142558683,-0.007311545747532788,-0.0031466158417617907,-0.014824462869585164,-0.005412680547892013,-0.002792005995978175,-0.004860946766242158,0.008757577716268505,-0.010609602126856466,-0.004965463047284735,0.0062483732741065445,-0.019424059240165437,-0.008946115263126164,-0.011740667019004891
2025-07-29,-0.004157106923013076,-0.005805394893977689,0.011511128847102592,0.007014429950684242,-0.005055953566470817,-0.01119832844096813,-0.00707971014133113,0.0033190077160323295,0.0,-0.003093269690637279,0.0,-0.001680711270011681,0.0017510999891972023,0.010503942719601422,0.009624419215086721
2025-07-30,0.008719365449320726,0.00020842429203016266,-0.0016804036439282966,0.00961290085910882,-0.010526388278592869,0.014077036265291554,-0.01662671294500584,-0.006134559600738609,0.006740733030846435,-0.004240534232164306,-0.004556300346086006,0.006594260435776933,0.011434761314164987,0.005576298997387319,-0.007596275376129502
2025-07-31,-0.011314026168440794,-0.01438689417673833,-0.009798021514186406,-0.010282026061025018,-0.014062080956499079,-0.02202284029263135,-0.013513072538261173,-0.007751281864073367,-0.008521757955894271,-0.011841175364121326,-0.020052332083938862,-0.001068511261596461,0.0019444823686110002,-0.004899400300623413,-0.0017635511939626536
2025-08-01,-0.023190619353001818,-0.03405973149497943,-0.01937570796385546,-0.023655823079934746,-0.03534668978276778,-0.01995714446186725,-0.016838740180329936,-0.012847844128419883,-0.022511048317559124,-0.02307243791418745,-0.022686896164249015,-0.03502334327826795,0.008911719743162072,-0.0012443838431268617,0.005111885242827352
2025-08-04,0.016898819249443475,0.004161233144128973,0.023197150905952313,0.016320390680718777,-0.002571200192143297,0.009316952254782906,0.014680330533052066,0.02222016246394176,0.016434598378061605,0.017161722831744886,0.010924098159531326,0.01600227591108272,0.022581635259557142,0.020855983544258105,0.001271529103882063
2025-08-05,-0.009821367231387601,-0.006324968787888685,-0.007052244479523795,-0.006366566037354748,0.004897974279203021,-0.006081653852920699,-0.0065304512673118875,-0.005752571208936685,-0.006797044066007785,-0.00042321922197186,0.0031517018502373872,0.0057403867858205615,-0.008673060791598686,-0.005571909624291771,-0.00022407555359793552
2025-08-06,-6.863508093757353e-05,-0.0030728926093416264,0.005312865176351211,0.0059803195050276425,-0.00448936150636281,0.007757904788926906,-0.003708371540876443,0.009823205438782123,0.002799576294202133,-0.0022752765182756374,-0.002692958568977999,0.004150878904823463,-0.011454230422270228,0.0034687023071986456,0.007284890584985382
2025-08-07,-0.015136408509882404,-0.011008309374024638,-0.00689907338805118,-0.002689566496313578,-0.007215632017534945,-0.010842355042079976,-0.0027407270728020405,-0.006880713792447257,-0.007444881203778064,-0.007636795940950791,-0.007875753171951438,-0.026258877636088584,-0.0014216757089644538,-0.00015959239018781268,-0.0011868823255651861
2025-08-08,0.006342978229884277,0.02426533255423724,0.002125953326781671,0.016037531696277307,0.01631853772690417,0.016441800400594175,0.009160899222155017,0.010909030229780736,0.014208143237581572,0.01400177655410162,0.017464236700223568,0.0045347107420732335,0.004484721916433454,-0.008616076954550356,0.007166466318748288
2025-08-11,0.002770432776453502,0.003260220104673639,-0.002814635066442417,0.004889035287527488,-0.003339864242842272,-0.004529288827091027,-0.004034516086213524,0.002631218318003281,0.00566539931196508,-0.006377206361141474,-0.006687506117915465,9.599545051464098e-05,0.0125438706865173,-0.002521528835415787,-0.000884849769103635
2025-08-12,0.011362064283958917,0.029029363918972262,0.03356320266909285,0.02370010237236153,0.024358994595192973,0.037157433107265936,0.023562767495459047,0.028086924200209307,0.010857320573037565,0.014321322627773414,0.027154451424639348,0.04072032056875008,-0.034540595807192265,-0.017156892895174525,-0.004538743828068625
2025-08-13,-0.00792228101710124,-0.0054735705719943795,0.0017622628661313477,0.0031912017365902656,-0.020005049829765698,-0.011384914872421992,0.012070879874593654,0.00036229528193953975,-0.03141146715084919,0.01134754789217074,0.018352621670618907,0.0011073384605724268,-0.007104516493522284,-0.00727811897880537,0.01953521298280636
2025-08-14,0.012494514996126416,0.009949111671723854,0.003370502335447334,0.005075795585558707,0.019514796118058397,0.008557804716755157,0.002802465389572628,0.00011194748223442019,0.022910296169242672,0.0060496088461818864,0.004720103528750075,0.018942802293894,0.0028474411167904723,0.007000610708066235,0.0025449780610342643
2025-08-15,-0.012476296759548311,-0.016139206250196603,-0.02205574462564086,-0.026126204830482558,-0.029089640862015487,-0.01854185007789544,-0.007344106868421796,-0.02167799730539699,-0.017079151361002465,-0.016960480708555825,-0.01921854559537195,-0.02290462012289407,-0.0028393562171524778,-0.008101506030109729,-0.005548706400476
2025-08-18,0.0035802641365563215,0.020877698012581325,0.00032856544203885285,0.0010371930161907628,0.004409876418099312,0.005656962614406069,0.005172305683114331,0.0009779099519082735,0.0006243074940466276,0.003868905795621158,0.0039190789395842085,0.0035743289397573985,-0.012814005877759271,-0.017991182102479075,-0.004704400403090392
2025-08-19,-0.0029842536426766264,0.003338991588750728,-0.013106102512478568,-0.0049041435087173735,0.0011620891099137776,-0.0050944242199872924,-0.0030939437858540364,-0.006733483368516535,-0.004263279286612076,0.005103966014711192,0.002168680482365959,-0.007308180092172933,0.003993796208643152,0.0018546514319202068,0.00322444013574108
2025-08-20,0.005435843330950707,0.005615564133189421,-0.0009703207185310925,0.00034696717190740856,0.008125981405361582,-0.006080709310242738,0.007513906505878909,-8.83518958827434e-06,-0.0026107083049793367,0.010414979734767238,0.004328146653609588,0.00041945545185240185,0.011492062224156108,0.01699653110081023,0.0214755080572262
2025-08-21,-0.00263474338629599,-0.001861428761452566,-0.006563326755146481,-0.0005549979970969066,-0.004222138389030183,-0.006225233552333287,-0.0007457968790145486,-0.0032876030923878474,0.0032457713698232915,-0.005128191450109898,-0.00517147890706704,-0.012575151190563405,-0.004697482453280277,-0.011417513246572475,-0.0030749274521311154
2025-08-22,0.016365181456664102,0.025279775404317473,0.03623164458436423,0.027631385293932054,0.01631749292048501,0.028836922405124144,0.03566202566967647,0.020822389018413823,0.00010436615571207675,0.03963930296219531,0.045700738441494915,0.04344138812470377,-0.013903180937274606,0.008034391447939937,-0.004052791563357361
2025-08-25,-0.0045233728771065795,0.0,-0.0041785054717624615,-0.0024997318570495475,0.0137801041374217,-0.002729339545723075,-0.010527514140542649,-0.009641506378319176,0.003756628730017253,-0.004908624871579836,-0.0024855467820870114,-0.0005424253245547295,0.006938320096507411,-0.008468432157939576,-0.011811691373083577
2025-08-26,0.012444991171061126,0.015561874023089617,0.013752249488157897,0.008940001036369605,0.016461023093530924,0.007578893980504597,0.015199512277926486,0.0023746301902016764,0.010915893832970536,0.013751950675857438,0.00851336303950112,0.017277217609931173,0.0008107583663194973,-0.0022328437749526975,-0.008782530714633752
2025-08-27,0.0023780483295170463,0.0025870495797906123,0.0009612048031308884,0.0027522555389936088,0.012145644266898348,0.012014238833943258,0.005801482359460541,-0.007168136241933687,-0.0038049990290216495,0.012680524830186446,0.003911787984472337,-0.001644993952016116,-0.005485928454023847,-0.008056416095332697,0.003860245957199915
2025-08-28,0.005980950496522919,0.0021833993565156806,0.0020675708807882387,0.00535538320006701,-0.006302952884334911,-0.0005161987257069622,0.014048343772496308,-0.0010161831601038784,0.002271008799860752,-0.0020384979232931366,-0.0018457278088409579,0.011534137208990547,-0.01240189064805286,-0.0009024761001596993,0.0007325806325020334
2025-08-29,0.0011625707586078171,0.00495148832217196,-0.002636362204737508,0.001997622611050076,0.002439596537138211,-0.0025820864430534662,0.013119668693157838,-0.002954525986544332,-0.01287472659705291,0.008851304884513578,0.00328758785415717,0.0003522146490293476,-0.000974546740687865,-0.003048455462609234,0.006660536146361196
2025-09-02,-0.005706429070760244,-0.006306760576320514,-0.01932246028563067,-0.010831928850635664,-0.004867413100806739,-0.01853581456784814,-0.0003018482010797019,-0.010974423014344592,0.002921723377066865,-0.009737732728507198,-0.006348671739202616,-0.017384008017418462,-0.004164957563483451,-0.008550364499649632,0.006325586607718092
2025-09-03,-0.000633858438904622,-0.007139953178531111,-0.0003966683922574932,-0.0021497598241073668,-0.015529447982547961,0.002637662088596171,-0.022555762850396732,-0.01370699501027195,0.001040323996921666,-0.0020444971018196423,0.0004122904578509612,-0.008689027215696421,0.014883303373598444,0.0002284226839965875,0.005093791018804694
2025-09-04,0.014390277663408613,0.011186499272764605,0.02510404279106293,0.013465075906269997,0.016395499163737615,0.021572223309339167,0.02143892527052471,0.008431145625169334,0.014653892656679046,0.01151221861421603,0.012978814323554744,0.022545543592920714,-0.007128442024614046,-0.003483091625023027,0.005966492032427828
2025-09-05,-0.031071096204988713,-0.011322932540119512,-0.014274363438761317,-0.016209300323571596,-0.035072696404760184,-0.017305353300729354,-0.01339776449262653,-0.003987163115234171,-0.0571545207348757,-0.014274797451684806,-0.007524809953653455,-0.02116475651336247,-0.020528667211619278,-0.0014324816928450446,-0.008932309104583869
2025-09-08,-0.004993571694282495,-0.006228688791498849,0.004930858166810381,0.004726831973567824,0.002279633542674464,0.004926678334908674,-0.002482969942552593,0.005249586421698815,0.015209094605518336,-0.0030820878961409504,-0.003073664137184573,-0.006455106175232483,0.002443285540024709,-0.0021805808237292945,0.00032443209440335963
2025-09-09,0.01686521756857995,0.01678121125039045,0.029749959155657146,0.023052667777634372,0.02047003769951017,0.015333135620655636,-0.0032881884736439826,0.0006788588076962476,0.0023541212002242684,-0.016489266047559625,0.014799450313353057,0.010813208264089047,0.0007652729795610824,-0.00247275604764996,-0.0017299646272359581
2025-09-10,0.009031362345783833,-0.0031814567227157475,0.007409142942383928,0.012481886797031105,-0.005695970177402754,-0.0017464104659445923,-0.0030523527423103047,-0.0025144601371178688,-0.015266261394526248,0.007384759313878497,-0.0034433694047758534,0.004269990673233304,-0.006194236488565319,-0.007091070719338344,0.0016608020023178849
2025-09-11,0.016703214142683054,0.012367839395700297,0.019686065273636588,0.01531274012849404,0.011830670279805222,0.0169805310810367,0.018463002167808495,0.02837110276081045,0.018430186643101143,0.004259868613651463,0.002438988403940856,0.004117760400555115,0.009503266355145756,0.022876398465473402,0.019607088032040698
2025-09-12,0.004418178503694303,-0.003349753799931632,-0.005951018611967784,-0.0005750301251121748,0.00258458180375043,0.0062741338483980336,-0.012176694980300051,-0.009495942684429659,-0.00425811043366231,-0.003797773294505924,-0.0038523023251025856,-0.002629894849632053,-0.000304980398455168,-0.012487896672894294,-0.016897105920873567
2025-09-15,0.006483959739133738,0.0001977201335883194,0.008589030507087925,0.0015984675035167761,-0.000613649763084978,0.0035196920898870054,0.005994438388450485,-0.007388376595428459,-0.01539447006551653,0.002376463313820576,0.0032566446733814924,0.01237936557097119,-0.013229131987268938,-0.010001777497626207,-0.013591707594471814
2025-09-16,0.0009387810827758969,0.0013836140953329412,-0.0015634212483911503,-0.005298684468645454,-0.0002458391345624422,0.008517821267203018,-0.0006722797739451281,0.003389862937142496,-0.01161772951854434,-0.007507638538199135,-0.018259373937189682,-0.009358583301363965,0.0038635672629114826,-0.002037810441726018,-0.008420567014168823
2025-09-17,0.008279759131353481,0.014607267289164616,0.011062633276486045,0.010268851535476964,0.013392384788853517,0.011128826773758593,0.02739725510615698,0.011520342413010365,0.011644429751584973,0.014083858565772767,0.025211791723758648,0.005347353671300681,0.009891160018235423,0.004959228001489624,0.0008456294996022073
2025-09-18,0.004747465597410239,0.014202325695216622,0.01270430046653126,0.011625696695887866,0.012366688206311371,0.006387578286987106,0.016874975386759417,0.004727133555907814,0.012922111848685303,0.012268622810949426,0.012094478281648335,0.018305972555995975,-0.0068979118071386125,-0.006502224920957755,0.0074563862808898485
2025-09-19,0.004948342564394359,0.0023018718649199243,0.0008578628780764319,0.004207471663498996,0.013652622303813144,0.0026364238853706645,-0.0016096802892026085,0.0050300716735034445,0.011256513734976936,-0.003635924909459076,0.003983263955328331,-0.006180872243669366,0.003607166382517013,-0.0079472656942986,-0.0014218740012768016
2025-09-22,-0.007433786509294937,-0.006315776822967023,0.0006956420051753565,0.005002830948782178,0.006143774975942096,0.007888549784745846,-0.000410505913274406,-0.005810030350435036,0.0010600651590093602,-0.01167787805230247,-0.01825036557309101,-0.01274526333643966,-0.0017206681667641943,0.0020616679449214637,-0.0032495648544785816
2025-09-23,0.0009601975900692672,-0.004237279594231702,0.0009434842044429015,0.00031113855757047837,-0.009276759541969049,-0.004734717906639596,0.0014369989137930084,-0.003925283904851251,-0.005506681072006581,0.003938750073617436,-0.002828825858127826,-0.010602939015580848,0.003370703612851189,-0.011932745932955235,0.01062273332185426
2025-09-24,0.0021744329841544285,0.0,-0.01722639766458911,-0.017914925342732424,-0.003081580295231645,-0.013106761155275204,-0.0028992301418045985,-0.003331144209072212,-0.016398703986759244,0.0007845666897916548,-0.0034448450225659233,0.0059186596437323935,0.00942889754706644,-0.00023791386124660807,0.008553819678603913
2025-09-25,9.575920677629135e-05,0.0029012526684724094,0.002940343890966979,0.00677724455555162,0.0024966978102656245,0.004525236756516282,-0.000881076184826024,0.017119152924523373,0.026090674364268818,-0.006565932756860016,-0.003050076177295913,-0.008380041117947323,0.016261375770538766,-0.004582055063525714,0.0001436624818809129
2025-09-26,0.008326482823286518,0.0069432072930328825,0.009751320140602981,0.007297912431494913,0.008183136495154342,0.012829447089727886,0.004409356492904637,0.00798395791536799,0.0071746092544022755,0.002860733530667181,0.008362299878416524,0.007147368932510556,0.0057678413898805125,0.0026901591819543658,0.008587951008642625
2025-09-29,-0.0011705094210510136,0.00402219632291545,0.0020061954674615023,0.006558104491747541,-0.004234883826318092,-0.0025140652141456554,0.0018439784944102033,0.016524908192272925,0.014979997184884741,-0.007229996427210117,-0.009101947784571962,-0.0020085225921747663,0.007251869764044905,0.0015500807657220506,-0.00402579114059054
2025-09-30,-0.0008237156818382552,-0.01583355233589334,-0.009662768903167085,-0.013651098867236144,-0.009805144276086808,-0.016091558288693575,-0.029651548620237445,-0.008243046195985038,-0.014655774689639522,-0.004557893042047123,-0.0028883042987403185,-0.049284394138417786,-0.007530219280300732,0.0029168447878233916,0.009622250899206541
2025-10-01,-0.014963538699422352,-0.017639081214578356,-0.013612039946506505,-0.01302218388183174,-0.03519427823066956,-0.02748762699763263,-0.010838117345584264,-0.02127161103692443,-0.03372781442326078,-0.012392301265680028,-0.009311069682021555,0.004233571584172813,-0.016099755208605182,-0.034662792510045226,-0.002976113099912414
2025-10-02,-0.010170340490795682,-0.0039463702984409155,-0.007803842623177237,-0.010134361501692113,-0.004575325714595735,-0.0138791450187844,0.00584361349502216,0.017062889687910587,0.004877976263304884,-0.0014110464141026124,0.0006265665701161716,0.0014052654489145056,-0.0015423251578468022,-0.010206600344657701,-0.00014216348604512152
2025-10-03,0.008063813137968001,0.0031694818124528013,0.013600502463846365,0.014745600468156095,0.002111714115640373,0.0041093322550092015,-0.0007262080079623034,0.00012911514441560357,0.014886777116394523,0.001513971728059449,0.0033395139777177008,0.002900269809674283,-0.00286312991949067,0.010187590513600409,0.009204948691107884
2025-10-06,0.002106564749554618,-0.004936764331600174,0.008607866290589516,0.003172689873184087,0.0002479982143359649,0.003171770308442179,0.005299072176695452,0.016007890396249058,-0.0008502893014558088,-0.014310202768837987,-0.007280969204371712,-0.0025652646969580584,-0.009899243114769307,-0.021891589589933536,0.008557659319178068
2025-10-07,-0.004819127069288998,-0.001984579679731757,-0.008948461525307483,-0.013409947017147483,0.005576895255810843,-0.0025496950200468715,-0.01210877560826773,-0.011057656858056042,0.00010630489670515608,-0.009252777936230028,-0.0046102274576811375,-0.0007482069785139656,0.005914991637396616,0.018357860959147265,0.009951324565115272
2025-10-08,-0.011895017724683932,-0.008948020457330896,-0.016640425279103144,-0.0020517231240440026,-0.01737729639818386,-0.011247588987139956,-0.012653501778348009,-0.0010546846996903891,-0.0023401801598615934,-0.0188328121039395,-0.01073676214246766,-0.008283119851818954,0.005083341981933609,-0.0161130901803882,-0.007398631456460025
2025-10-09,0.004933640233045544,-0.0010032011597593815,0.004443036817698642,0.0039832617260195935,0.002006792880153263,-0.008066168440533872,0.0019146296718925981,0.002085829709838727,0.002452212375786411,0.0026819879548829473,0.002340756949983591,-0.005568007680493037,0.014720323032950011,-0.0004392025080377504,-0.009648237530220594
2025-10-10,-0.015186650205699648,-0.02289609582480756,-0.020001106897999388,-0.02822039682726485,-0.028414121834852035,-0.02074642623801326,-0.022742654370006554,-0.030040473733511708,-0.021910133029875656,-0.035244245107505456,-0.038641118513039974,-0.0391478331555134,0.00970843133294208,-0.011299487497689165,-0.004642459760741402
2025-10-13,0.023530067677695277,0.004316443470485876,0.029331792993343653,0.021533110630932883,0.01674810387613146,0.023102307779845566,0.02169100812460667,0.020099664698867148,0.016637606053365506,0.016145773089349946,0.019434547353675447,0.02528523250028125,-0.0006263125915915158,0.007936496288157624,-0.0016959916750708404
2025-10-14,-0.019125215433917542,0.025174023962046155,-0.02036142836125643,0.0013536464670786952,0.07146486251668827,0.03891783267449256,0.030112679988337998,0.033884021071067805,-0.0010695898441459573,0.024349369783398078,0.020147405566130594,0.03174213226164868,-0.015113503064027367,-0.0030235197921337775,0.0074328544184443235
2025-10-15,0.011950451466736567,0.043721274543550015,-0.0036717758905358,0.04705802311285656,0.022469318749417377,-0.0006009961583138823,-0.006579691690643541,0.006974985959976587,0.010065355346857041,-0.038950129600266226,-0.013591082706888469,0.004201769723180426,0.0036305084589629555,-0.005117869916075768,-0.022204375656661335
2025-10-16,-0.023389623273267435,-0.035195213399373704,-0.012813572925635452,-0.016169711410339183,-0.028452502077896513,-0.03527757262532705,-0.02280275709091184,-0.025968987890339634,-0.009753024175023217,-0.021772416917287818,-0.01722274156568193,-0.05555561139004428,-0.021033048369350937,-0.02603838187147345,-0.036218617674570686
2025-10-17,-0.003282639365214668,0.016653515339099867,-0.009655878710778332,-0.008436479917571904,-0.00857142250751386,0.008414751978692347,0.07272830451761614,-0.008707730775674105,0.007814964729558893,0.005774388385450413,0.0008762324275291,0.0403150096832916,0.02068500547154306,0.00156499271867383,-7.451725183127422e-05
2025-10-20,0.016131073986504374,0.014820700724617053,0.016716117689915766,0.020797989840635855,0.03290099183241191,0.02297306372543728,0.008251145849476504,-0.0009990397382156901,0.008604193904128143,0.015440399830313645,0.03086006650684614,0.016702957748763403,-0.0011942537798114161,0.01100254458236316,-3.720416535546445e-05
2025-10-21,-0.017429500547240573,-0.009992326486759961,-0.005685646298861369,-0.016916833425875355,-0.014647656693017597,-0.010574041827961955,0.016424289087489274,-0.025861996140354893,0.0014745142002321465,-0.0014271583423050016,0.010828112412587076,0.01014569429436829,0.003699173504607911,0.009659292938645425,0.003952259670466418
2025-10-22,-0.010030688393261489,-0.008152204784937056,-0.018946558611687814,-0.006970951396514824,-0.010382359746099468,-0.01984732812382517,-0.00906473516613171,-0.00028321195286162837,-0.008202730932519442,-0.0039030576699049524,-0.005881036433442399,0.01534211280985387,-0.0029782462214228422,0.0010205370425067084,0.02696270601999129
2025-10-23,0.0014621475426208619,0.012915748874033683,0.008299892720551316,0.007525941181862894,0.006914686827349303,0.004049876408499964,0.00832387772522103,-0.004142763888591472,0.0030749961338913945,0.004139082765193036,0.01035276054542722,-0.0015428814902357368,0.004070045214215279,0.003185840986021926,0.023217132749226987
2025-10-24,0.020031198920174687,0.015649248698716756,0.044087346322082555,0.02856067111498395,0.023087958594331992,0.02161544786743974,0.00740992632287818,0.010337642439320671,-0.0019028178383390104,0.024677108468482256,0.009201091252327931,0.02258691364905352,0.0023800977221211106,0.0012700545489212622,-0.003534325823822404
2025-10-27,0.012348538098207573,0.00856001106610682,0.007794551130291261,0.013181999810768286,0.006943575443499883,0.0223729182772876,0.01149450507279326,-0.004680334986570833,0.004448209537319059,-0.008474558523901554,-0.009531625051518167,-0.006755358280079893,0.0057505078901201045,0.013891685712218882,-0.0009221622330352064
2025-10-28,0.003978285606592413,-0.0028291684651458038,0.0026583403517626003,-0.004878912428695981,-0.0012642908652935603,0.00396088863290589,-0.0017694712657210232,-0.005621935834451919,-0.010438608904690616,-0.010927218533641314,-0.011087868839914305,-0.011186036289187573,-0.01755876044251159,-0.01607862344376232,-0.021655825873543644
2025-10-29,0.000491286182563444,-0.005485087971532132,-0.011400267654718577,-0.007142469318897615,-0.010356724998579536,-0.022388873849247592,-0.007783334333217873,-0.023956695900087643,0.008097996229461835,-0.009954012606963936,-0.013327695301871945,-0.010860285663936597,-0.018022809390613403,-0.04228392125075808,0.008781565086137144
2025-10-30,0.012863715932680986,0.008558309236495365,0.009066968516681762,0.007498597608218249,-0.00011617884620251928,0.011097725533621094,0.0018424246005424028,4.5640398621538125e-05,-0.002113855870013559,0.0071815553088465656,0.004288165748040473,-0.0009606476371452066,0.00520031128029097,-0.013942435439154077,0.0002158057024170823
2025-10-31,0.00542911503594512,0.007920149131596999,-0.0009997297476934675,-0.0015829163731644336,0.011396675258349864,0.010077803093220927,0.005154994018331305,-0.013879131439591741,0.0011650101016233982,0.0012614309145999592,-0.0034158847185828956,0.007372471411653869,0.009889992764766653,-0.015014809983337818,-0.004027872017508094
2025-11-03,-0.005688993906809547,0.002057993828049165,-0.004877333857013499,-0.0021341549155682316,0.003794349518119411,0.009738579382760904,0.002467220079732657,-0.012910926930412958,-0.01449424681456124,0.0010409136290645549,-0.0012853473679006466,0.007773005770231878,-0.005009597271166011,-0.00478503829357968,0.004730198736861979
2025-11-04,-0.00032326632052193105,-0.0003734385329945411,0.00675986996677902,0.002199892866094011,-0.001947316615106942,-0.005904850059381461,-0.0031248444660543218,-0.008345474561679778,0.007407430076090016,0.0011491387399145125,-0.004075420920999218,-0.0046008070635789045,0.01396884742644855,0.009547287153534256,0.02659484608306495
2025-11-05,0.00785768159410316,-0.020358627679888497,0.00285779912034112,0.007133605179293845,-0.0020659660844574157,0.006731980458193343,0.01472987938349446,0.012887700684959702,-0.0017050100299779158,0.0065591162590465935,0.006676718768199974,0.003262585781333982,0.0005599245957215171,-0.0052388013739887995,-0.008366867839667669
2025-11-06,0.005582646111496947,0.016015240067122072,-0.006947499168147742,-0.010654966129203913,-0.010465590309019168,-0.00826048311872929,-0.00019134163540157623,-0.0038468568750636978,0.005550767236714105,-0.0066792924463534575,0.0023532770470260367,-0.02041546508549419,0.012761208826245651,0.008959873821636544,-0.0007414024146956688
2025-11-07,0.0025205520684494775,-0.0016888423297877209,-0.0015744538067818947,-0.006486258621781649,0.005257508361392382,-0.0005948890428024711,0.007683395257167325,0.011931477861789386,0.01104033438913632,0.0069975040260537025,0.010032104207825965,0.004334179593023624,0.018716354355411413,0.010032458507046593,0.01589817634800772
2025-11-10,0.00852935865948723,0.004135329827090084,0.013810757681737673,0.016568103104775966,0.0006974065652645134,0.006945064011573354,-0.0017909155925528442,0.00039738976703573847,0.0035698973442164217,0.004831776382391073,0.005494506861623005,0.01166096433138053,0.0028210238399337673,0.0033556168883386306,0.0024344713454713673
2025-11-11,-0.004007826953764337,0.003931090685377336,0.016445075368697992,0.00878511733832621,0.0010452912370169098,-0.007192731603383851,0.0061976179309504165,0.0028909592102290826,0.0056498436622136605,-0.001458645251264712,0.0008406895733128472,0.0017698499884484242,0.005625948506832845,0.01665558706316017,0.01446664954603527
2025-11-12,0.015176566021720017,0.00895017654826935,0.03536922442433399,0.020540556465430404,0.0008121354761494448,0.020940886520190993,0.007051024552915175,0.007524850250727466,0.016541784770839785,0.01130814869984853,0.0056698880041352595,0.006251417358668743,0.002653861622141873,0.01355354605308845,0.00858338320681229
2025-11-13,-0.03411238236068603,-0.02291627505547511,-0.039894237418658385,-0.025364874827370265,-0.018084894130838802,-0.021386321470162173,-0.021568176429112684,-0.02219526778385339,-0.024050773144766002,-0.015622484164572015,-0.01211100893605166,-0.02399500379831454,0.014164281330407036,-0.008763479293951826,0.004374001714996689
2025-11-14,-0.018967590540546975,-0.004917692887568048,-0.018112909458595672,-0.0105669436450474,0.00413229309858254,-0.0036752968569350175,-0.020700296441545807,-0.010947603672255113,-0.007361474366411436,0.0,-0.00443897451144315,-0.02606090019538254,0.005290295771580578,-0.004125584741260568,-0.002464483074752777
2025-11-17,-0.01067150094225966,-0.021478802907448302,-0.01940807759472396,-0.02691323014867686,-0.01916520732555993,-0.021036849518367706,-0.044599403077638655,-0.0322701071292939,-0.02627395164364199,-0.02690363292542708,-0.03460706356663357,-0.04440220610222734,-0.020733996241735553,-0.011442192096558279,0.0003046522434124732
2025-11-18,-0.003195971608445647,0.0031079899443795522,0.0009541068077374426,0.0023832154301952624,0.005274479424418832,0.0013239481670879183,-0.0017289394092251387,-0.004551696430150853,0.0040257101791261185,0.0058087810884539515,0.009896550539567839,-0.0048255594246491285,0.0005374103873265756,0.016297503974425975,0.003349426925466137
2025-11-19,0.012891860106075237,0.007358615028379756,0.012482433700807816,0.015391289493519755,0.003577404836314413,0.015357978880104595,0.01168326048981827,-0.0043763079569302255,0.0039011728411302293,0.016048493510536943,0.019163767979814006,0.011797650420677375,-0.024312610723453476,0.005694358033328628,-0.008800669616166434
2025-11-20,-0.01612414173601373,-0.019607844598319768,-0.015636447474525084,-0.02212083334006587,-0.020912500499328024,-0.022037496462969153,-0.002437341757574929,-0.021839336477711413,-0.02320810225258374,0.003115145671640951,-0.006623933290380246,-0.000889382263899674,0.010018768617500395,-0.012951364256705955,0.008028403666206163
2025-11-21,-0.001206586184712699,0.010980460054302199,0.00042665005106190534,-0.0033397309203291314,0.008616453693778503,0.010959751525401629,0.026439831923222634,0.02236730974145451,0.0002209954507879086,0.018797055179643474,0.027747825382973934,0.027939915158859296,-0.00773932205950989,0.01826438964789956,0.00664813825292665
2025-11-24,-6.69866099478611e-05,0.007176070193217754,0.021549521027517615,0.02946207557831193,0.018650008062350842,0.010030422045771648,0.008614476355111034,0.004700794885351245,0.00011043087052975409,0.008182281798162716,-0.0006278779794223199,0.004666382891305831,0.009484087676220554,-0.00990737871741254,-0.008314115334753458
2025-11-25,0.01677851756491,0.010591158946282375,0.014682944672065323,0.015967514194540566,0.00519722504996345,0.01484601525799234,0.01885214868803664,0.010083552143573815,0.00243048397414225,0.02158920450304458,0.024293283895644224,0.0268626621812329,0.004715576855524484,0.020013235723067346,0.006625868194036988
2025-11-26,0.015313557904943043,0.00971798843821503,0.017063106841082476,0.015172667416845975,0.005405390222474882,0.013146164588107023,0.003667509147138981,0.009992525676799646,0.01168175873062749,-0.00368653407491637,0.000817909104003256,0.014082566237491934,0.01404433453315268,0.002115867693497586,0.00043656919714574194
2025-11-28,0.017682894070448985,0.01245530150944174,0.012291435514438787,0.010241687813692169,0.0033894385599149146,0.010731686048041311,0.003571691819140188,0.006961182499980234,0.010130690018727906,-0.006045493732142582,0.002042821070233236,0.0073573762096270645,0.002100711707510472,0.006462385512518765,-0.005773720850800301
2025-12-01,-0.013287308310217516,-0.007642213711767432,-0.01837680617427584,-0.007014055750951154,-0.005241586395640763,-0.008880296876633942,-0.013579024876138157,-0.007027768782901234,-0.00043131409956342903,0.008808702986431216,0.007339451303043143,0.005934085086162888,-0.00877581623611201,-0.0022886897909798476,-0.007765564560721194
2025-12-02,-0.003366509497432113,-0.0009392077746017691,0.010348832191410695,0.0036801296803241623,0.010772712054841094,0.004966887168730949,0.0010824602082522006,-0.0012692423025422173,-0.00668908213290742,-0.0018191527866739943,0.005464402746220731,0.01647237031543125,-0.0053764620511377315,-0.010067569153288658,0.0021097718669433885
2025-12-03,0.01380406459603356,0.01692061261849509,0.026201792400904145,0.02738195184576564,0.035101931727748115,0.034208824375625335,0.02059883851551203,0.03971622938741581,0.020853657000006853,0.030981551687964348,0.025161117545104306,0.014464273917114356,-0.011351749589016635,0.009590762585997448,0.0018675239226655371
2025-12-04,0.01271910227341011,0.0012940845473348173,0.0015061016453967735,0.00673496433796017,0.009625073223840763,0.010026241238600297,0.008203527786891929,-0.003972822703970702,0.011065060390654136,0.0013636175049742683,0.00863931085251779,0.010869588027531352,-0.004191816222127498,0.01440850072951827,-0.0013895251056269542
2025-12-05,-0.0033533921959020274,0.0012992112121075206,0.019968259446367487,0.009262976740510354,-0.0042123072607233025,0.010112147422881135,-0.002155323016198918,0.001672343979048474,-0.01273280511866881,-0.0020678469957062795,-0.0021414045135205173,0.004222585821687774,-0.008492266637652679,-0.00810743351872556,0.0012218117096975956
2025-12-08,0.0005395584148615296,-0.0009268447387462686,0.014194438056238212,0.001813010504554624,0.0025602557526140934,0.0003673672050001908,-0.021790270834267877,-0.009457532061245555,0.004903059031926782,-0.0010614032055055178,0.002926335750802256,-0.00039004129676423194,-0.0016613950592893056,-0.005005813457869324,0.0075593273613074885
2025-12-09,-0.04663544047604784,-0.006679015074931072,0.011411289442358363,0.011310242025361683,-0.012991279414478085,0.00468240631880068,0.0044992419312364085,0.008747567827677827,-0.0012728323469561875,0.022767493774115355,0.003112235686506093,0.000954036087660759,-0.0011094399242015385,0.006240855285310154,0.013423944667160015
2025-12-10,0.031945439201124026,0.010085958424258301,0.014442479379235706,0.004920881533803101,0.020249739354250895,0.015169429196808304,0.0320408762140485,0.011247794739268402,0.01752334160994451,0.023843675195661662,0.038588335356539716,0.03011130142692431,-0.014030704921698112,0.014999091505001116,-0.015536890022796457
2025-12-11,0.023443401047247514,0.008875736058605588,0.024504066061598273,0.003227299698883135,0.020950402753380892,0.0058511824095381915,0.024815589640482028,0.017057995429734296,0.012942272283989587,0.021838995894704283,0.00037341307685845315,0.0064351295886497795,0.022828820808696637,0.01695972234099896,0.03183390595040292
2025-12-12,0.003591957595922901,0.010630402983631493,-0.02532296847018156,-0.010427539738546598,0.0018361170587917197,0.000536981043886442,-0.006053612019679577,-0.011571587321130727,-0.004121545578404495,-0.004255559853354907,-0.0029863360293860275,-0.005934276494431789,0.008813925195614969,0.0006744454344542739,0.0081376731581011
2025-12-15,0.004709298201460932,0.0034458185042802736,0.001835700056188383,-0.0034751798803737133,0.0015093935601147024,0.00894458217286509,2.6136989187630633e-05,-0.006362895404168789,-0.014174904128126387,0.0014245576262446047,0.00542875385953745,0.008155724055421754,-0.005008238942301402,-0.011090067387755642,0.01342102785292032
2025-12-16,-0.013967859859874587,-0.009398159034681552,-0.011735820452366097,-0.0071994840109507185,-0.00764266395975155,-0.013475229095084251,-0.004757290219955079,-0.012955572729372644,0.007556680140561101,-0.004315062989714846,-0.0044683698659525595,0.007506014998430954,0.0028291073090926933,-0.005406372094404421,-0.005022154977294968
2025-12-17,-0.0018064432851156997,-0.004743661199702154,-0.007757480628028834,-0.009687799695984767,0.004338714837436308,0.0016175330612748784,-0.013499650200304525,-0.002939790008065435,0.006354253154578826,0.0015240465932377933,0.005049561613114539,-0.008733140129442929,0.0028941973018408174,0.00506087653571341,0.00617291201633563
2025-12-18,-0.006285991949300129,-0.005316246844529915,0.004551026601958608,-0.010526306500446947,-0.011988225466314062,0.012291372928160627,-0.00023966737510250358,-9.388516638675348e-06,0.006417510249996594,-0.003804132866386034,0.002419055237845358,0.01377873202574409,-0.028165301978199664,-0.004911029322708704,-0.006390704444169337
2025-12-19,0.013450302112652635,0.01861413505039411,0.019605093523892725,0.023242293162774486,0.01672497333318157,0.017991721722355525,0.0026363996181770766,-0.004525771140587942,0.01635294161337697,0.00334126188192041,0.005383331416057624,0.0038302718697271754,0.011502357367545457,0.0014367610598589042,-0.0011575892246650232
2025-12-22,0.01853660192935691,0.011036726084529436,0.006178197329027801,0.015708014640929857,0.01365439107575428,0.0281210989784757,0.011526952468736251,0.026448477103043544,0.02620932772967466,0.012844880837766581,0.013109308610565362,0.01247283547182465,0.015273742385539801,0.007174073802495906,0.0011268041692644726
2025-12-23,0.00879020176875045,0.0016105892152147305,0.003014433621484791,-0.0014464276857379943,0.0020153552041055622,0.011093315828778483,0.003518404899302441,-0.0015253667226848844,-0.0022680454233331426,-0.004462116463968546,-0.006925461664661459,0.003363522354766113,0.008528523335999738,0.003096969638715086,0.00755745180012668
2025-12-24,0.009940799812659273,0.005002649454410868,0.010058646963812867,0.011977726984375714,0.008785834728982422,0.018090424177373388,0.00240709186482313,0.0022178702492507973,0.006621805024064509,0.00721870646132694,0.00825832579530661,0.0027059281596388818,0.0030850560309920727,0.004198863535559427,6.389551554430994e-05
2025-12-26,-0.0038278463930657702,-0.001422301721151653,-0.004106376867392236,0.0012111857757555189,-0.0004196802614105932,-0.00937805827090199,-0.00537697228662104,-0.0007804653545930851,0.0003927682072428773,0.0019204439751017155,0.0009102268580785111,0.004229297074072269,0.0012663433928252754,0.005472535757509389,0.00047879377677850776
2025-12-29,-0.012686378316775881,-0.014598482017101011,-0.016382963848281973,-0.010612005130307689,-0.007768356437175883,-0.019016798140763402,-0.015037376654215229,0.0002665978428264548,-0.005692412905969446,-0.00897653431210843,-0.00891085505069067,-0.014318976493904123,0.006107035541934369,0.0028130835729562875,0.003126243609384405
2025-12-30,-0.0010192056352769097,-0.0012646368196028712,-0.008697845735914256,-0.00477934082095588,-0.0022216874349927362,-0.007787954217696291,-0.005142320853048776,-0.00467658108510427,-0.007501690124930849,-0.004293077467841688,-0.0034861675244243218,-0.007243087809357118,-0.009302595805647407,-0.005000584688361065,-0.0009858796683921422
2025-12-31,-0.0037104359408144383,-0.0050651618764655515,-0.006128256062826076,-0.008655358929424373,-0.011769749953724151,-0.004436560848188664,-0.009212759370981316,-0.011972687445639396,-0.006365004934683949,-0.011039507839115337,-0.007994111944593874,-0.006599202574812613,-0.009969893549631181,-0.007354752582732993,-0.0064302286327405644
