Holding_Days,Rebalance,Formation_End,Date,BL_Return,MVO_Return,EW_Return,BLM_LLM__llama_31_8b_Return,RelViewBL__llama_31_8b_Return,BL_NAV,MVO_NAV,EW_NAV,BLM_LLM__llama_31_8b_NAV,RelViewBL__llama_31_8b_NAV
30,0,2025-03-03,2025-03-04,-0.050878540804418296,-0.04658901077819385,-0.04121478410537425,-0.030249698337273433,-0.0342151372647492,0.9491214591955817,0.9534109892218061,0.9587852158946257,0.9697503016627266,0.9657848627352508
30,0,2025-03-03,2025-03-05,0.010475047983552898,0.011357325476768435,0.00879353232270652,0.012718235493497107,0.011047796485300607,0.9590635520228752,0.964239188139526,0.9672163246811282,0.982083814369163,0.9764546573473338
30,0,2025-03-03,2025-03-06,-0.03358302588201356,-0.03066004883899464,-0.02053959213048969,-0.01934390348184027,-0.016948022949551497,0.9268552959327951,0.9346755675386956,0.9473500958702264,0.9630864798529285,0.9599056814054149
30,0,2025-03-03,2025-03-07,-0.011767287890863636,-0.010279027162585025,-0.004871143998344626,-0.0048495829399553035,-0.004562277383798056,0.9159487228323823,0.9250680119917608,0.942735417136397,0.9584159120905321,0.9555263254245596
30,0,2025-03-03,2025-03-10,-0.05120741758000437,-0.04565153237923961,-0.033854215773309757,-0.018368432296427643,-0.02559402040735269,0.8690453541004328,0.8828372396893202,0.9108198489075202,0.9408113142974783,0.9310705651518807
30,0,2025-03-03,2025-03-11,-0.0011297509897587226,0.0003721867389824842,-0.0048873232116119466,-0.0014953339605861368,-0.002189882245306264,0.8680635492514926,0.8831658200026125,0.9063683779183577,0.9394044871887056,0.9290316302521273
30,0,2025-03-03,2025-03-12,0.014377650953972993,0.01253361002713454,0.00728397603128156,0.0026442281134886237,0.003825299252326265,0.8805442639684976,0.8942350759798197,0.9129703434586265,0.9418884869436673,0.9325854542527182
30,0,2025-03-03,2025-03-13,-0.01596774808044307,-0.01367468995006894,-0.009338029458358767,-0.005258325405113421,-0.00623090572807269,0.8664839549877694,0.8820066885733193,0.9044449994968019,0.9369357307839876,0.9267746022038976
30,0,2025-03-03,2025-03-14,0.0319642651543361,0.02892650041460084,0.027764215227176477,0.023356735844834782,0.0256603823588482,0.8941804778769763,0.9075200554160162,0.9295562051239746,0.9588194911514965,0.950555992856919
30,0,2025-03-03,2025-03-17,0.003389117545914453,0.004986200369521219,0.008533817150686893,0.009027282673105581,0.016237177684162198,0.8972109606237633,0.9120451322516794,0.9374888678097889,0.9674750257306042,0.965990339411682
30,0,2025-03-03,2025-03-18,0.004716667201038071,0.005161722078973686,0.0024204493808867933,0.004054699865353932,0.002689893265548739,0.9014428061341493,0.9167528557478434,0.9397580121594674,0.9713978465871673,0.9685887503202507
30,0,2025-03-03,2025-03-19,0.018864201016442112,0.015714723127660306,0.011881237227709002,0.0065303689387554206,0.007498988909806884,0.9184478044338896,0.9311593730524126,0.9509235000385744,0.9777414329116941,0.9758521866170661
30,0,2025-03-03,2025-03-20,0.0041451030310008,0.00545353469830832,0.0021831299703057067,0.0035556115089123526,0.0038159634797282956,0.9222548652118646,0.9362374830030089,0.9529994896309766,0.9812179016032955,0.9795760029228099
30,0,2025-03-03,2025-03-21,0.00240613834096857,0.0013877735849135242,-0.0007222587932732735,-0.0036706163263956447,-0.0018309057227738536,0.9244739380031957,0.9375367686511263,0.9523111773696057,0.9776162271539187,0.9777824916131665
30,0,2025-03-03,2025-03-24,0.028951616331254874,0.02554329739402818,0.019356765133035234,0.013555795337748592,0.014116373153928451,0.9512389527645084,0.9614845491506182,0.9707448411635134,0.9908685926480791,0.9915852341281559
30,0,2025-03-03,2025-03-25,0.0071008640050336585,0.006624663006806156,0.004893040581420273,0.004904971912751825,0.0063380070679283605,0.9579935712043798,0.967854060274992,0.9754947350655309,0.995728775264246,0.9978699083505136
30,0,2025-03-03,2025-03-26,-0.014084707876304406,-0.011973386673965889,-0.006855973283154519,-0.004067724104417247,-0.006162949356695676,0.9445005116065884,0.9562655693673516,0.9688067692240636,0.9916784253236417,0.9917200866407788
30,0,2025-03-03,2025-03-27,-0.01770700924034466,-0.014803958694731223,-0.009929098014941412,-0.004611972181075657,-0.007032307215042731,0.9277762323200603,0.9421090533772437,0.9591873918548991,0.9871048320134761,0.984746006320192
30,0,2025-03-03,2025-03-28,-0.024819396700199108,-0.022760780835468588,-0.020210920493142423,-0.015826066233529255,-0.01883731959467268,0.9047493859610928,0.9206659156902135,0.9398013317400951,0.9714828455625941,0.966196031079561
30,0,2025-03-03,2025-03-31,0.014205695836338243,0.010494287416176716,0.01120395069621786,0.009214252240234578,0.004359726061336542,0.9176019805461699,0.930327648423744,0.950330819525151,0.9804343335486687,0.9704083810966185
30,0,2025-03-03,2025-04-01,-0.003931213325913925,-0.0050240110005125216,-0.005127274660345773,-0.0044321016906454765,-0.005090219738563108,0.9139946914123618,0.9256536720839822,0.945458212395254,0.9760889488813808,0.9654687892006935
30,0,2025-03-03,2025-04-02,0.019600410195000507,0.016053700711848452,0.0143083092010467,0.01108095213589077,0.010046479030571433,0.9319093622800969,0.9405138390984419,0.9589861208348742,0.9869049438043073,0.9751683511460694
30,0,2025-03-03,2025-04-03,-0.09531933694074932,-0.08181964074123896,-0.07215900634677935,-0.04498121282431814,-0.055260311711102586,0.8430803797786816,0.863561334671244,0.8897866352550772,0.942512762489674,0.9212802440909357
30,0,2025-03-03,2025-04-04,-0.07447011246321755,-0.07486179434400975,-0.06873504202282299,-0.0705575715128605,-0.07083343105321738,0.780296089081031,0.7989135836316468,0.8286271134894732,0.8760113508485251,0.8560228034404291
30,0,2025-03-03,2025-04-07,0.012043006248843175,0.00916677395973194,0.005119760708574494,-0.004096306344844323,0.0034430027770485368,0.7896931997577817,0.8062370438661575,0.832869486027176,0.8724229399938886,0.8589700923298913
30,0,2025-03-03,2025-04-08,-0.00417156411823727,-0.005808901238305925,-0.005904515150674833,-0.0050000311217788295,-0.004165742770676278,0.7863989439412562,0.8015536925036753,0.8279517955283938,0.8680607981425654,0.855391843877541
30,0,2025-03-03,2025-04-09,0.10644735170503579,0.09362038255124323,0.08039348355163563,0.07245680035438788,0.06584612731864788,0.8701090289074398,0.8765954558312309,0.8945137245837529,0.9309577060890519,0.9117160841368346
30,0,2025-03-03,2025-04-10,-0.04945782877793815,-0.04311565613084854,-0.03665148728080602,-0.028066638699913368,-0.024420165415444568,0.8270753255375977,0.8388004675917471,0.861728466184665,0.9048288525073505,0.8894518265502918
30,0,2025-03-03,2025-04-11,0.008904360864730053,0.007842346144535637,0.011267662484340786,0.010502075795409354,0.01817661494419504,0.8344399026984985,0.8453786312048,0.8714381316947826,0.9143314336982559,0.9056190499129074
30,0,2025-03-03,2025-04-14,0.011725193739118846,0.012484118990754679,0.013170898728254873,0.014009513818532802,0.012066453256592708,0.84422387222129,0.855932438629002,0.8829157550752742,0.9271407725533705,0.9165466598469614
30,1,2025-04-14,2025-04-15,0.012747236052458923,0.0011372012775207499,0.006978071107589972,-0.0005896889813448799,0.0073476955803255285,0.8549853932016158,0.8569058060916824,0.8890768039962009,0.9265940478556401,0.923281165688681
30,1,2025-04-14,2025-04-16,-0.02030754242793347,-0.016489986627536358,-0.01676973988528919,-0.013469381819451691,-0.01865101826483395,0.8376227410539107,0.8427754408081723,0.8741672172551403,0.9141133988334412,0.9060610318038442
30,1,2025-04-14,2025-04-17,0.011658921449675149,0.011012761106896569,0.008415506167714033,0.009246180474870644,0.009580810862514845,0.8473885187963198,0.8520567254045522,0.8815237768635644,0.9225654562935527,0.9147418311794518
30,1,2025-04-14,2025-04-21,-0.013646419540203613,-0.01315031060642715,-0.015000093662979387,-0.012671991448747326,-0.01860541953009883,0.8358246995552735,0.8408519148111872,0.8683008376444676,0.9108747147204911,0.8977226756486273
30,1,2025-04-14,2025-04-22,0.03503676981862138,0.03262777746353357,0.032898328150478516,0.03266480054300425,0.03408398032189024,0.86510929716231,0.8682870439674326,0.8968664835346306,0.9406282555965019,0.9283206376599498
30,1,2025-04-14,2025-04-23,0.02502837041381352,0.012206480636187601,0.014023093136488822,0.0068052461094438785,0.013942537763637384,0.8867615731001222,0.8788857729562737,0.909443325764232,0.947029462373333,0.9412637832072874
30,1,2025-04-14,2025-04-24,0.03002913619751378,0.023991324258239563,0.020670612067767963,0.019019437551087637,0.02267006122722969,0.9133902571534673,0.8999714065212211,0.9282420759487252,0.9650414300919827,0.9626022908035705
30,1,2025-04-14,2025-04-25,-0.002013354365482019,-0.0017810007962919385,-0.0016940510611431797,-0.004292519909392665,-5.107329464454164e-05,0.9115512788918386,0.8983685567295668,0.9266695864749666,0.9608989705399241,0.9625531275331468
30,1,2025-04-14,2025-04-28,-0.0003261358359831758,0.002535955597111164,0.0027143781965825796,0.00559412297711651,0.0019313729560759107,0.9112539893534557,0.9006467794992739,0.9291849181959304,0.9662743575497091,0.9644121766124506
30,1,2025-04-14,2025-04-29,0.0077921262887459125,0.008056077766379215,0.009195588819747006,0.008358020808567929,0.007715964321407852,0.9183545955196214,0.907902459994959,0.9377293206411704,0.9743504987368952,0.9718535465583235
30,1,2025-04-14,2025-04-30,-0.0042706753636682195,0.0004906997405564946,-0.0005066638957213936,0.0005594531897720214,-0.00038694315980274363,0.9144326011734243,0.9083479674965291,0.9372542070504422,0.9748956022313696,0.9714774944761527
30,1,2025-04-14,2025-05-01,0.006616947746662217,0.007127734360181548,0.004789548885921698,0.002537631800920709,0.008164381413999776,0.9204833539132332,0.9148224305154553,0.9417432318936461,0.9773695283141697,0.9794090072761729
30,1,2025-04-14,2025-05-02,0.03055208512847506,0.02227281801469752,0.02409423438661981,0.021499096419546476,0.021153865118563674,0.9486060397013346,0.9351981040260894,0.9644338140549044,0.9983820900409227,1.0001272933119993
30,1,2025-04-14,2025-05-05,-0.0011881156116808145,-0.001975742029644467,-4.743789266579995e-06,-0.0012260220890078439,-0.0029189246056630226,0.9474789860562307,0.9333503938259212,0.9644292389841289,0.9971580515452628,0.9972079971467558
30,1,2025-04-14,2025-05-06,-0.010896052967991999,-0.007150119731111914,-0.007376108548418232,-0.005824779909993739,-0.008496461091912905,0.9371552048381027,0.9266768267589854,0.9573155042301136,0.9913498253595334,0.988735258198454
30,1,2025-04-14,2025-05-07,0.004039071868519716,0.005118745019126018,0.005237118719737754,0.005156295186147056,0.005875325891772735,0.940940442062401,0.9314202491502976,0.9623290791780122,0.9964615176918225,0.9945444000610559
30,1,2025-04-14,2025-05-08,0.01851842846908256,0.010713396108186304,0.012024242394359936,0.00770371428092363,0.014114042090404134,0.9583651803324005,0.9413989232226303,0.9739003572891899,1.0041379725160557,1.0085814415842935
30,1,2025-04-14,2025-05-09,-0.001965095066097489,0.000611813504391634,0.00034339431771548,0.0006747934806042172,0.0014779578444625366,0.9564819016450096,0.9419748837968775,0.9742347891379042,1.0048155582735367,1.0100720824376623
30,1,2025-04-14,2025-05-12,0.0459137410551271,0.018869070196881915,0.0279538176714328,0.01930021078662982,0.027259218467008278,1.000397564001054,0.9597490740029405,1.001468370802632,1.0242087103499011,1.0376058580002565
30,1,2025-04-14,2025-05-13,0.013564978572570406,0.0059703354099765165,0.007976554892097039,0.0025650039572210947,0.012084179953172075,1.01396793552078,0.9654790978841524,1.0094566382350383,1.026835809744969,1.050144473908797
30,1,2025-04-14,2025-05-14,0.0010045635158970714,0.0012061603837790942,0.0007549487212056193,-0.003146110912801606,0.009300191338180582,1.0149865307150936,0.9666436205233871,1.0102187262331863,1.023605270398275,1.0599110184488818
30,1,2025-04-14,2025-05-15,0.002569649499055263,0.012791125735419623,0.009651549816588126,0.016824416693206556,0.00838718594123669,1.0175946903452935,0.979008080614843,1.019968902595076,1.040826831996818,1.0688006892417783
30,1,2025-04-14,2025-05-16,0.0013268903272500385,0.0038061365929226883,0.00390239498216786,0.004753155345005681,0.004275492971518587,1.0189449268969737,0.9827343190952382,1.0239492241225303,1.045774043616549,1.0733703390765856
30,1,2025-04-14,2025-05-19,-0.003041238370682124,-0.0020825157234751587,-0.0008891895662510733,-0.0002328277441303842,-0.0025897535072238924,1.0158460724876828,0.9806877594237238,1.0230387391560698,1.0455305584051038,1.070590574476412
30,1,2025-04-14,2025-05-20,-0.007515464493213672,-0.0031960268281442995,-0.00483071388303166,-0.004520122797348896,-0.0029243158081526375,1.008211517399331,0.9775534550345728,1.0180967317159493,1.040804631892732,1.0674598295354114
30,1,2025-04-14,2025-05-21,-0.03176207122756214,-0.018707792690246052,-0.023432715002751247,-0.01787129890078044,-0.02245423707692333,0.9761886313712449,0.9592655876541523,0.994239961156417,1.0222041012188603,1.0434908334529311
30,1,2025-04-14,2025-05-22,0.004692848369393229,0.0021357610907642983,0.0013353862601359332,0.0006952272688320745,0.001024095986694238,0.9807697365981958,0.961314349771973,0.9955676555398234,1.0229147653843396,1.0445594682276225
30,1,2025-04-14,2025-05-23,-0.005410813078784588,-0.00045877642301092635,-0.00256036458773704,-0.002472252397872577,-0.00017225964788813379,0.9754629748801342,0.9608733214131956,0.9930186393698829,1.0203858619027988,1.0443795327814274
30,1,2025-04-14,2025-05-27,0.0275224088180246,0.0201219135011539,0.021040528628958437,0.020070957240767646,0.020530869925197915,1.0023100656616317,0.9802079312722384,1.013912276480634,1.0408659829061335,1.0658215531215016
30,1,2025-04-14,2025-05-28,-0.006630092689331072,-0.006168776191035584,-0.0062292367350160124,-0.005938083144696926,-0.008240693147223926,0.9956646570228456,0.9741612479235419,1.0075963768818972,1.0346852341571502,1.0570384447525296
30,2,2025-05-28,2025-05-29,0.0035606664684590915,0.0014478917819798188,0.004752335773819073,0.004466323802728327,0.0020659781719770684,0.9992098867809366,0.9755717279887335,1.0123848131893234,1.0393064734467978,1.059222263106329
30,2,2025-05-28,2025-05-30,-0.0025671202403816182,0.0010922783186911036,0.0005401624818665067,0.0027690307548453074,0.003564873107582215,0.9966447948561918,0.9766373238355436,1.0129316654826197,1.042184345035482,1.062998256067029
30,2,2025-05-28,2025-06-02,0.0032084264581523957,0.0034493352957972808,0.00256546767522666,0.002459394431630654,0.0011462764139380144,0.9998424563853884,0.9800060734278426,1.0155303089276289,1.0447474874103948,1.064216745896016
30,2,2025-05-28,2025-06-03,0.010525271512125416,0.0018819575253187293,0.004563148143526821,0.00041735228513665773,-0.0016438780092381602,1.0103660697081949,0.9818504032325883,1.0201643241715073,1.0451835151616564,1.0624673033903744
30,2,2025-05-28,2025-06-04,-0.006053815227397354,-0.007918927898440824,-0.006712679761501453,-0.004799242211546385,-0.004904309201010494,1.0042495002101497,0.9740752006823344,1.0133162877592354,1.04016742631688,1.0572566352185842
30,2,2025-05-28,2025-06-05,0.0035152750100856957,-0.00013134567224216704,-0.00044968332959812,0.0010015656556974565,-0.0015398463134105786,1.0077797133821296,0.9739472601202864,1.0128606163170197,1.0412092222872542,1.055628622486514
30,2,2025-05-28,2025-06-06,0.019385787011075222,0.011999687490124962,0.014594790675121346,0.010375696290433556,0.007996798975347672,1.027316316259838,0.9856343228735933,1.027643104995241,1.0520124929525052,1.0640702723731619
30,2,2025-05-28,2025-06-09,8.348020749889593e-05,-0.003409955114419889,-0.0026697152896429663,-0.0034020063766406422,-0.00458920465027457,1.0274020768390864,0.9822733540733627,1.0248995904855391,1.0484335397431752,1.059187036130968
30,2,2025-05-28,2025-06-10,-0.0010771102135020633,-0.00021032467899461752,-0.00039589900212252656,-0.0016378582996200521,0.0006163808508502198,1.0262954515687497,0.9820667577454822,1.0244938337603902,1.0467163541685067,1.059839898737508
30,2,2025-05-28,2025-06-11,0.0005369684164969108,0.00465075122653877,-0.000522761004685836,0.0007465683039409302,0.0026607186458183153,1.0268465398122364,0.98663410592361,1.0239582683345592,1.0474977994217456,1.062659834517661
30,2,2025-05-28,2025-06-12,-0.004712160899965098,-0.0008943181981744984,-0.0006741298502332667,0.0018487698181552548,0.0012359162965844947,1.0220078736970688,0.9857517410877429,1.0232679875004815,1.0494343817379006,1.063973193124867
30,2,2025-05-28,2025-06-13,-0.02247147809326614,-0.014231327390431576,-0.017214190671305214,-0.01504876999401566,-0.010832104505488115,0.9990418461521396,0.9717231853346353,1.0056532572558055,1.033641685103315,1.0524481243059005
30,2,2025-05-28,2025-06-16,0.017931889950073016,0.01304819226693362,0.012287018465354693,0.012972577469094616,0.009627163486965816,1.0169565545928576,0.9844024162871189,1.0180097373974517,1.0470506819386032,1.062580214460144
30,2,2025-05-28,2025-06-17,-0.008324737793367804,-0.003637397361479133,-0.005955898600454786,-0.0048187516184177055,-0.0014622300822698742,1.0084906579286252,0.9808217535354824,1.011946574627237,1.0420052047704462,1.0610264777057357
30,2,2025-05-28,2025-06-18,0.018141302189134782,0.013737422898918217,0.01245636091950312,0.008772812819201508,0.010671436194615627,1.0267859917090278,0.9942957167522578,1.0245517463920488,1.0511465213885312,1.0723491540633703
30,2,2025-05-28,2025-06-20,0.00603147155271353,0.003825438129719895,0.0034875125190047137,8.470436287547447e-05,0.00016376490859218462,1.0329790222087456,0.998099333499339,1.0281248834339594,1.0512355580849142,1.0725247672245644
30,2,2025-05-28,2025-06-23,0.01257754265123997,0.009637628289578306,0.010647963236977158,0.007232414909683501,0.006187919454759442,1.0459713599184124,1.0077186438716814,1.0390723193957856,1.0588385298087968,1.0791614640973846
30,2,2025-05-28,2025-06-24,0.019834537019196463,0.0124402935151279,0.012600623083186536,0.012443037604631505,0.008861280323432922,1.0667177175777336,1.0202549595821118,1.0521652780486643,1.0720136974524406,1.0887242163449977
30,2,2025-05-28,2025-06-25,0.010088155745911482,0.008349652466378765,0.0064311120729862135,0.004118912135801732,0.0068527477294591625,1.0774789320495808,1.0287737339217218,1.0589318708711002,1.076429227680623,1.096184968746563
30,2,2025-05-28,2025-06-26,0.015395537879896235,0.011587500971984658,0.011310988920958106,0.007881901933389591,0.007289443870829826,1.0940672997627403,1.040694650563492,1.0709094375305728,1.084913537291436,1.1041755475482884
30,2,2025-05-28,2025-06-27,0.003379586931130726,0.0025839804796808034,0.003945214082331413,0.0076652847201237155,0.003979162880506823,1.097764795310796,1.0433837852258563,1.07513440452442,1.0932297084514915,1.1085692419006559
30,2,2025-05-28,2025-06-30,0.008859797664484874,0.009235355540280672,0.007847586605300414,0.008162220364436748,0.006414605312005715,1.1074907692804443,1.053019805447381,1.0835716148762635,1.1021528902408215,1.115680276048478
30,2,2025-05-28,2025-07-01,0.009671262405379773,0.0021998837083620293,0.008415942853931586,0.0018094367403950486,0.0022162355608887387,1.1182016031216915,1.0553363265619673,1.0926908916652045,1.104147166173956,1.118152886350839
30,2,2025-05-28,2025-07-02,0.011484812140779045,0.008443717261430709,0.007285030006864909,0.0017638923137009745,0.006552367073574803,1.1310439384690623,1.0642472881191734,1.1006511775992136,1.1060947628735647,1.1254794345065868
30,2,2025-05-28,2025-07-03,0.012057084598306645,0.010318001310470096,0.010032501192273934,0.010272377271778092,0.007822486681739734,1.1446810309195856,1.075228193032651,1.1116934618507555,1.1174569855761398,1.1342834823935866
30,2,2025-05-28,2025-07-07,-0.012121339857623405,-0.005341112358802384,-0.005796724049173073,-0.005982366724156944,0.0009873478917787604,1.1308059631152345,1.0694852784423117,1.1052492816251367,1.1107719480899523,1.1354034147986074
30,2,2025-05-28,2025-07-08,-0.01665492301697736,-0.01707146914577372,-0.012695732818077536,-0.012466040400114191,-0.017779556086469257,1.1119724768524113,1.0512275935095245,1.0912173320482519,1.0969250201097493,1.1152164461044267
30,2,2025-05-28,2025-07-09,0.0009279551124977936,0.002087183501928725,0.0007947919075631791,0.0040211946679474895,0.003015744023996738,1.1130043373972633,1.0534216983994698,1.0920846227531567,1.101335969151753,1.1185796534372292
30,2,2025-05-28,2025-07-10,0.01350879596785239,0.00903766539339898,0.009597674578927287,0.011406183230847767,0.006921721297789158,1.1280396859024977,1.0629421712277503,1.102566095574992,1.1138980090146213,1.1263221500476994
30,2,2025-05-28,2025-07-11,-0.005805642784974898,-0.003979020036717546,-0.0059282494039081465,-0.008306803967296866,-0.0052179787679508295,1.1214906904388726,1.058712703030563,1.0960298087761304,1.1046450766141747,1.120445024982878
30,3,2025-07-11,2025-07-14,0.008614124108215514,0.008487655061074163,0.007032457290023047,0.006569167645186637,0.005661696336570307,1.1311513504325215,1.0676986912626638,1.1037375915949408,1.1119016753108832,1.126788644476152
30,3,2025-07-11,2025-07-15,-0.017935704373101498,-0.013041503025237315,-0.019068523996260512,-0.02475815326344721,-0.023391522807916166,1.110863354209929,1.0537742955505198,1.0826909448440378,1.0843730432196528,1.1004313421991871
30,3,2025-07-11,2025-07-16,0.0015153933220380111,0.0017097132246041895,0.00454902591629254,0.007144542559860407,0.006676467371661964,1.1125467491185956,1.0555759473993704,1.0876161340114687,1.092120392577701,1.107778336150134
30,3,2025-07-11,2025-07-17,0.010066039628538392,0.008501815582323392,0.008671303525159185,0.010350867828330772,0.007189336298831556,1.1237456887838249,1.0645502594372962,1.0970471836283422,1.1034247864138975,1.1157425271532775
30,3,2025-07-11,2025-07-18,8.074770099868258e-05,0.002548446531323776,0.001688660161383787,-0.0030833652002806833,-0.0003018129896797513,1.1238364286647013,1.0672632088533789,1.0988997235024935,1.1000225248263418,1.1154057815654446
30,3,2025-07-11,2025-07-21,-0.006552672295246408,-0.004510379762991495,-0.0031868688375642465,-0.004482128276320905,-0.0013863509003622656,1.1164722968342016,1.0624494464743812,1.0953976742180556,1.0950920827632278,1.113859437755902
30,3,2025-07-11,2025-07-22,0.006722663587435001,0.005638828925722462,0.004946212494952199,0.0013030378240033974,0.0052543134043435726,1.1239779644905086,1.0684404171452788,1.1008157438812145,1.0965190291678348,1.1197120043302575
30,3,2025-07-11,2025-07-23,0.01597885832920451,0.01638841441285702,0.008523850377797185,0.013520248683330445,0.0036259734570539626,1.1419378491502499,1.0859504614769013,1.1101989325755814,1.111344239128188,1.123772050337504
30,3,2025-07-11,2025-07-24,-0.005216799801368968,-0.005389836071095915,-0.0011710161202571395,-3.1399812383345284e-06,-0.0005045305801097177,1.135980588005627,1.0800973665082099,1.108898871728843,1.1113407495281278,1.123205072973036
30,3,2025-07-11,2025-07-25,0.00729284524906924,0.00743593519675004,0.005384273495684812,0.005838982825967575,0.0025801214914633656,1.1442651186398989,1.0881289005317454,1.1148694865332875,1.1178298490784204,1.1261030785211346
30,3,2025-07-11,2025-07-28,-0.0045399236735523246,-0.005780247174558826,-0.00564718134812642,-0.006931637917155975,-0.008644954475216819,1.1390702423389656,1.0818392465288909,1.1085736163633415,1.1100814573116196,1.1163679686729178
30,3,2025-07-11,2025-07-29,-0.001553911182546997,-0.0003598712114817983,0.0003769035674196598,0.0010550387671006789,0.0019215438429578387,1.1373002283516886,1.081449923728614,1.1089914417140962,1.111252636283723,1.1185131186695965
30,3,2025-07-11,2025-07-30,0.00023844633310056852,0.00516299179446302,0.0007735070814187603,-0.0016856566591882118,3.7077553832108156e-05,1.1375714134207737,1.0870334408109474,1.109849254447495,1.109379445877331,1.1185545903999659
30,3,2025-07-11,2025-07-31,-0.01205067231130371,-0.010087677701295717,-0.009955499290892053,-0.009941422490899717,-0.008617300152090298,1.1238629130869333,1.0760677978095161,1.098800150981846,1.0983506361031443,1.108915669757991
30,3,2025-07-11,2025-08-01,-0.025935590461551368,-0.022591227213638005,-0.01838578699843712,-0.018586370739939805,-0.014210524361154693,1.0947148648381846,1.0517581056919223,1.0785978454520433,1.0779362839780826,1.093157396618429
30,3,2025-07-11,2025-08-04,0.0119580083284297,0.014132821847431224,0.013963712148532956,0.016919312109886456,0.013649910838549108,1.1078054743091754,1.066622415626258,1.0936590752899635,1.096174224401279,1.1080788976147709
30,3,2025-07-11,2025-08-05,-0.0029413800646019557,-0.0036698266595843227,-0.0037219379471686996,-0.005734809229607937,-0.0038494990551785034,1.1045469973715856,1.0627080962496824,1.0895885440763764,1.0898878743419245,1.1038133489453394
30,3,2025-07-11,2025-08-06,0.0019433460382493233,0.0016511727259472927,0.001254441116883675,0.000663554375523077,0.0006736065399383501,1.106693514402988,1.0644628108738534,1.0909553687465514,1.0906110742097737,1.1045568848360603
30,3,2025-07-11,2025-08-07,-0.009597765685332948,-0.010498454534388985,-0.007693149604708101,-0.005820445480584812,-0.005411166862934962,1.0960717293662703,1.0532875964503463,1.0825624858827247,1.0842632319118137,1.0985799432226087
30,3,2025-07-11,2025-08-08,0.01211944822264152,0.009718699010020515,0.010323069460081687,0.011923550729143351,0.013276152560459104,1.1093555139386257,1.063524181571235,1.093737853619371,1.097191499561259,1.1131648581486924
30,3,2025-07-11,2025-08-11,-0.001133969012214698,0.000815138375369718,4.445177529929604e-05,0.00088750449811276,0.0017405926281799371,1.1080975391622898,1.0643911009447673,1.0937864722086763,1.0981652619524107,1.115102424694735
30,3,2025-07-11,2025-08-12,0.03036235951311554,0.02217525805877409,0.016509202353751824,0.019385492911861032,0.011124201165072262,1.1417419950219339,1.0879942482836802,1.1118440144101658,1.1194537368540411,1.1275070483866991
30,3,2025-07-11,2025-08-13,-0.0025360993218444317,-0.005698168047751433,-0.0015233705432691142,0.0027786409125624164,0.0051139877912604135,1.1388464239226375,1.0817946742219728,1.1101502639899032,1.1225642968069849,1.133273105666709
30,3,2025-07-11,2025-08-14,0.009734536133065283,0.010478176518555008,0.00845951860129572,0.0043886588082868395,0.004458842767403493,1.1499325655863244,1.0931299097753036,1.1195416007983592,1.1274908484960353,1.1383261922574037
30,3,2025-07-11,2025-08-15,-0.02052324573312213,-0.0199630892134867,-0.016406894267677323,-0.016829496710019386,-0.015315647316376212,1.1263322169662766,1.0713076598645286,1.1011734001257942,1.1085157449706942,1.1208919897657958
30,3,2025-07-11,2025-08-18,0.005114654618299095,0.0015066779972813418,0.0012345205373717066,0.003557986097442246,0.001778402968276189,1.1320930172415224,1.0729217755439655,1.1025328213034569,1.1124598285800957,1.1228853874075122
30,3,2025-07-11,2025-08-19,-0.004517806592519358,-0.00443587260905351,-0.0017760796963312865,-0.0025098277149513664,0.0008204031088284028,1.1269784399448837,1.068162431228173,1.100574635145001,1.1096677460705553,1.1238066060701992
30,3,2025-07-11,2025-08-20,0.0019648484892529176,0.002240788822110357,0.0054996248164245485,0.004586045468059153,0.007833251585109655,1.12919278183003,1.0705559576642674,1.1066273827207718,1.1147567328084735,1.1326096659485552
30,3,2025-07-11,2025-08-21,-0.004819139590622924,-0.005386086935897905,-0.004327616142843866,-0.003190949985609206,-0.0033078425716754427,1.1237510441896672,1.0647898502065443,1.1018383241951963,1.1111995998279607,1.1288631714784394
30,3,2025-07-11,2025-08-22,0.030746106390174555,0.023933284124063505,0.021740735425626063,0.026399660346207412,0.018882605870883463,1.1583020133503925,1.0902737682239565,1.1257930996833392,1.1405348918402602,1.1501790498276223
30,4,2025-08-22,2025-08-25,-0.0012219625826265794,0.0003856723125417405,-0.0025227758543867533,-0.0018839503429232802,-0.0038304023316304307,1.1568866116306973,1.090694256629451,1.1229529760344228,1.1383861807396618,1.14577340131337
30,4,2025-08-22,2025-08-26,0.013095980795346459,0.012483290973325763,0.008837798953055647,0.0064650645013817525,0.007884286681189909,1.1720371764790063,1.1043097103978916,1.1328774086703506,1.1457459208256253,1.1548070072810066
30,4,2025-08-22,2025-08-27,0.005127370993115156,0.003601307402240927,0.00219546724741766,0.0021983011603004072,-0.0008715344738549804,1.1780466459005374,1.108286669132314,1.1353646039164256,1.1482646154127858,1.1538005531635118
30,4,2025-08-22,2025-08-28,0.003951047878309523,0.002759437321601979,0.001276629806483413,-0.00257149754007296,-0.000860803843157644,1.1827011646013725,1.1113449167301517,1.1368140442110115,1.145311855778899,1.1528073572131112
30,4,2025-08-22,2025-08-29,0.002318121282335322,-0.0018793041412831632,0.001183459134766773,0.00011677116574537613,-0.0017187884291461,1.1854428093416778,1.1092563616257467,1.1381594171761642,1.1454455951794402,1.150825925266499
30,4,2025-08-22,2025-09-02,-0.0113192278500202,-0.010773628123866898,-0.0075857001487268155,-0.009662508512365896,-0.00790267834281381,1.1720245120795714,1.0973056460915571,1.1295256811160161,1.134377717365567,1.1417313181505468
30,4,2025-08-22,2025-09-03,-0.007350495946325888,-0.003526423443254153,-0.00323667842498432,-0.0022499719107923755,-0.00010591646751037568,1.1634095506545359,1.0934360817367648,1.1258697697134823,1.1318253993652656,1.1416103900024823
30,4,2025-08-22,2025-09-04,0.01928369448980771,0.01849946937934223,0.012601941104829194,0.008539083414653436,0.009696161136385967,1.1858443849958824,1.1136640690491222,1.1400579142431193,1.1414901508612691,1.1526796282989187
30,4,2025-08-22,2025-09-05,-0.01856188736128872,-0.027284258227907907,-0.018243534165561022,-0.015607829052482362,-0.021336839392859068,1.1638328750935722,1.0832785710100432,1.1192592287339067,1.1236739677215342,1.1280850881984843
30,4,2025-08-22,2025-09-08,0.0007188992456747006,0.003343341397808808,0.0007729154145990334,0.002308606458757675,0.0027455166891713996,1.1646695536695686,1.0869003411018603,1.1201243214447274,1.126268088700954,1.1311822646349388
30,4,2025-08-22,2025-09-09,0.016001716322427487,0.016952491214523528,0.0085121976960841,0.007025155920855131,0.00484134894485883,1.1833062654767572,1.1053260095854522,1.129659041113057,1.1341802976327617,1.1366587126982721
30,4,2025-08-22,2025-09-10,0.0017191061935569888,0.0011209929907946157,-0.00039650961187121984,-0.0008755632473127839,-0.0007315610846583106,1.1853404946066133,1.1065650722947407,1.1292111204451183,1.1331872510483283,1.1358271774175241
30,4,2025-08-22,2025-09-11,0.01371428893348843,0.014624014485262592,0.014729914809592166,0.01615719322197995,0.016830695414901557,1.2015965966342126,1.1227474959408645,1.1458443040513189,1.1514963764202004,1.1549439386846059
30,4,2025-08-22,2025-09-12,-0.002230415207435974,-0.00024148290486442788,-0.00416664066273492,-0.0024805474637619803,-0.004157236705188366,1.1989165373118764,1.1224763716141155,1.1410699825808954,1.1486400350041401,1.1501425633502713
30,4,2025-08-22,2025-09-15,0.004888096289869152,0.0021601613503425595,-0.001054888772237313,-0.003679570106118654,-0.003784556512988376,1.2047769567897735,1.1249011016887491,1.1398662806679338,1.1444135334686478,1.145789783821279
30,4,2025-08-22,2025-09-16,-0.002106603264981465,-0.0028410873523680353,-0.0031258853820913465,0.0004775737595285391,-0.0020782677475183363,1.2022389697190257,1.1217051593960765,1.136303189323655,1.144960075342282,1.1434085258681272
30,4,2025-08-22,2025-09-17,0.013764173203890862,0.010254647882754398,0.01197605143640027,0.010582504886200902,0.010468250273615365,1.2187867951307056,1.133207850833952,1.1499116147663409,1.1570766209340966,1.1553780124819004
30,4,2025-08-22,2025-09-18,0.013057876879159911,0.011621598768800805,0.008885573262738922,0.004482906283644597,0.005420535878756025,1.2347015630434681,1.1463775377979994,1.1601292386650215,1.1622636869887404,1.1616407804520843
30,4,2025-08-22,2025-09-19,0.0023462346129796367,0.00445933758974942,0.0021123995845661672,0.0028143810412147585,0.002514878279171489,1.2375984625873808,1.1514896222443465,1.1625798951868207,1.1655347398742937,1.164562165619043
30,4,2025-08-22,2025-09-22,-0.00022362344356550664,0.0004634612796527421,-0.0029840872506980668,0.0008671309653485885,-0.0035268315926996305,1.2373217065574256,1.1520232930981789,1.1591106553436759,1.1665454111384281,1.160454950981675
30,4,2025-08-22,2025-09-23,-0.0036438994268517978,-0.0042339514571204506,-0.002097415103477567,-0.0035342747600372692,-0.0012260990176770873,1.2328130307000695,1.147145682397729,1.1566795191485562,1.1624225191354043,1.1590321183062178
30,4,2025-08-22,2025-09-24,-0.007413457960629822,-0.009054013021712834,-0.0033854083423952063,-0.004158057428494579,-0.0037090436820358757,1.2236736231236578,1.1367594104514984,1.1527636866549529,1.1575890995446638,1.1547332175505374
30,4,2025-08-22,2025-09-25,0.001123509730396931,0.0051770993596209,0.003726147941953719,0.005733054637394454,0.007933000503679528,1.2250484323460673,1.14264452686739,1.157059054693541,1.1642256211000055,1.1638937167469812
30,4,2025-08-22,2025-09-26,0.00820586523143131,0.00869021743391254,0.007221052257203025,0.006998941528603665,0.006548757676326496,1.2351010146838755,1.1525743562555377,1.1654142385921529,1.1723739681481866,1.1715157746589562
30,4,2025-08-22,2025-09-29,1.3899769395080196e-05,0.0021009728846132104,0.0016301076184931534,0.0030474024832775433,0.005009377790632635,1.2351181823031592,1.1549958837255312,1.1673139892211823,1.1759466634900515,1.1773843397619086
30,4,2025-08-22,2025-09-30,-0.020178059863608315,-0.017054982442669897,-0.011342661528750188,-0.00831642262227653,-0.006529328190164293,1.210195893682015,1.1352974492072363,1.1540735417436714,1.1661669940552122,1.1696968110016432
30,4,2025-08-22,2025-10-01,-0.01574846889309921,-0.019317909654301465,-0.01726431679723344,-0.023399967306424272,-0.020276338338064373,1.1911371612958073,1.113365875652692,1.1341492505117035,1.1388787245204892,1.145979642708819
30,4,2025-08-22,2025-10-02,-0.004544621108250573,-0.005533449020984074,-0.0022663473056580064,-0.0036323348488601906,-0.0008686633446718065,1.1857238942097605,1.1072051223380646,1.1315788744135922,1.134741935640788,1.1449841721994576
30,4,2025-08-22,2025-10-03,0.005836368891286188,0.008659510748104875,0.005624886220439287,0.004414430559405574,0.006318416502039023,1.192644216259581,1.1167929769953078,1.1379438768316215,1.1397511751185196,1.1522186590876562
30,4,2025-08-22,2025-10-06,0.0020828530721671624,0.0019783720781761144,-0.0009708541119798533,-0.0028095928637575616,-0.001939771021293839,1.1951283189294197,1.1190024090380983,1.1368390993395971,1.1365489383504472,1.1499836187225638
30,5,2025-10-06,2025-10-07,-0.005123598199555778,-0.0038241508635035288,-0.0019721385224064003,-0.002049149822562584,-0.0055801161344178184,1.1890049616263147,1.1147231750093127,1.1345970951580118,1.1342199792950927,1.143566576577414
30,5,2025-10-06,2025-10-08,-0.011132850358528734,-0.010358293720732185,-0.009365967490768392,-0.007360397545377557,-0.013252888433814225,1.1757679473129807,1.103176544945259,1.1239704956496417,1.1258716693435709,1.1284110163213945
30,5,2025-10-06,2025-10-09,-0.00029328836976537853,0.0005051045679621402,0.001122510268880433,-0.002112310630218393,0.0012772324098689147,1.175423108248491,1.1037337644573795,1.125232164072927,1.1234934786481547,1.1298522594430933
30,5,2025-10-06,2025-10-10,-0.02618049048102813,-0.024948493576888903,-0.0219616514442385,-0.02455725684560257,-0.025782693854082293,1.1446499547518107,1.0761972697242193,1.1005202074917113,1.0959035607286325,1.1007216245375289
30,5,2025-10-06,2025-10-13,0.021085377732819748,0.022593352924070997,0.016231323351338357,0.017179849548106266,0.019749974605316557,1.1687853314196077,1.1005121744550201,1.1183831068341912,1.1147310190211845,1.1224608486696677
30,5,2025-10-06,2025-10-14,0.025501861228253018,0.015491815534295508,0.01505903814759011,0.027491181611437168,0.02028599521837184,1.1985915327470882,1.1175611060549238,1.1352248807036276,1.1453762919129984,1.1452310840785902
30,5,2025-10-06,2025-10-15,0.01380362463124917,0.013217554185186862,0.003957051049476825,0.007841711005954082,0.006918689075229108,1.2151364403513225,1.132332530529462,1.1397170235092082,1.1543580017872515,1.1531545818686175
30,5,2025-10-06,2025-10-16,-0.029180280467960472,-0.02672409147287875,-0.0258442521771015,-0.030300918516014068,-0.02890863371529813,1.1796784182150317,1.1020719724058763,1.1102618893431007,1.1193798940367872,1.1198184584442599
30,5,2025-10-06,2025-10-17,0.015884494290470362,0.0035989976470916746,0.009073233114858062,0.00503501038672134,0.01680547218202015,1.1984170133137595,1.1060383268414906,1.1203355542836533,1.1250159834299496,1.1386375363965575
30,5,2025-10-06,2025-10-20,0.019233410075457775,0.019793748613963054,0.014198049902535348,0.014101543480139008,0.017372488157784683,1.2214666591722285,1.1279309714403993,1.1362421343909572,1.1408804452361383,1.1584185035136156
30,5,2025-10-06,2025-10-21,-0.004187361878254789,-0.008118746254765035,-0.0030901215769320004,-0.0070183673170276534,-0.003320487830833767,1.2163519362480515,1.118773586090384,1.1327310080548565,1.1328733272066571,1.1545719889696862
30,5,2025-10-06,2025-10-22,-0.00829569351365445,-0.008445639112482145,-0.004087850237350433,-0.00015871692847056057,-0.00657547085083001,1.2062614533801974,1.1093248281336872,1.1281005733347251,1.1326935210318165,1.146980134511031
30,5,2025-10-06,2025-10-23,0.00632728389339065,0.004313949091986391,0.006123092286352473,0.005488251129207325,0.005869929106450347,1.2138938120453877,1.1141103989687324,1.1350080372535407,1.1389100275276653,1.1537128265871177
30,5,2025-10-06,2025-10-24,0.02366716445048711,0.023805148686376,0.015030504150578165,0.01368468994469604,0.022395599722933812,1.2426232365204946,1.1406319626692207,1.1520677802684198,1.1544956581292867,1.1795509172465775
30,5,2025-10-06,2025-10-27,0.009110829824794709,0.008827754625728074,0.005094830864233787,0.004529227144839912,0.00521041752723265,1.2539445653647683,1.1507011817539272,1.1579373707530207,1.1597246312026857,1.1856968700200625
30,5,2025-10-06,2025-10-28,-0.0021548391261490057,-0.0020536196392564763,-0.006979947106353227,-0.007418762613008785,-0.0026545729924130563,1.2512425165532983,1.1483380792081617,1.149855029152695,1.1511209094673338,1.1825493511317187
30,5,2025-10-06,2025-10-29,-0.011038302169942818,-0.008438800672476246,-0.011039422049484132,-0.008316699796327593,-0.007804563426609545,1.2374309235677032,1.1386474830531097,1.1371612941901565,1.1415473824340185,1.1733200697157153
30,5,2025-10-06,2025-10-30,0.005120164390006873,0.0057061415791767635,0.0033817401382627097,0.0019751331530165716,0.005406344301342538,1.243766773317648,1.1451447668001842,1.1410068781823983,1.1438020905148034,1.1796634419882737
30,5,2025-10-06,2025-10-31,0.005504909562264388,0.004870513811909097,0.0013831531633472997,0.0016574518238457738,0.00556719435768751,1.250613596921311,1.15072221020352,1.1425850654553573,1.1456978873758457,1.186230857646481
30,5,2025-10-06,2025-11-03,0.0027200492795443707,-0.0001586068826979729,-0.0013055585608127464,-0.00041877154210683855,0.0009330275777529488,1.254015327534605,1.1505396977409081,1.1410933537416954,1.1452181017047607,1.187337643750247
30,5,2025-10-06,2025-11-04,-0.0010300521589867242,0.00016827142375158485,0.0025954595847738865,0.0022005634655206004,-0.0004265565807301734,1.2527236263390755,1.1507333006939298,1.144055015423786,1.1477382268194252,1.1868311770647566
30,5,2025-10-06,2025-11-05,0.0028616198077410226,0.003696151904323379,0.002101447921113814,0.002325023963486981,0.0015984144431436546,1.2563084450818325,1.1549865857746582,1.1464591874575882,1.1504067457005902,1.18872822515975
30,5,2025-10-06,2025-11-06,-0.006938777810187119,-0.007119126931193148,-0.0011319922714577999,-0.006792351197863511,-0.0031312307475518638,1.247591199920348,1.146764089666703,1.1451614045178444,1.1425927790634005,1.185006042790647
30,5,2025-10-06,2025-11-07,0.0011240380280538415,0.0016225292216385577,0.006273306744943327,0.006531392264403857,0.0031796012741248402,1.2489935398725238,1.148624747912513,1.1523453532808552,1.150055500701939,1.1887738895141498
30,5,2025-10-06,2025-11-10,0.007597239998035851,0.009088737887554486,0.005564050067851059,0.005512589315218849,0.006039612859100151,1.2584824435509316,1.1590642971774479,1.1587570605219655,1.156395284367017,1.1959536235838217
30,5,2025-10-06,2025-11-11,0.004450642107546128,0.0030917006725225526,0.00477630108681252,0.0036729910399165193,0.0036613002133825223,1.264083498505807,1.1626477770445283,1.1642916331294881,1.1606427138850988,1.2003323688410448
30,5,2025-10-06,2025-11-12,0.01453980437448019,0.01651779641705796,0.012061829998351392,0.011152224284051288,0.012172396527293308,1.2824630252870899,1.181852156330495,1.178335120876799,1.1735864617439955,1.2149432903991233
30,5,2025-10-06,2025-11-13,-0.024835653716715984,-0.02683073441538108,-0.018101793051227253,-0.018337226274677737,-0.025647893795419995,1.2506122176865677,1.150142195005746,1.1570051423736942,1.1520661412420974,1.1837825539195084
30,5,2025-10-06,2025-11-14,-0.011739377313595367,-0.011723849576329867,-0.008194477434772066,-0.008013314124577873,-0.012694064463758443,1.2359308089901528,1.1366581009201087,1.1475240898425978,1.1428342733600343,1.1687555418689815
30,5,2025-10-06,2025-11-17,-0.02847662635582396,-0.023866955909136466,-0.023973437931785316,-0.024117873436219427,-0.026649142985021346,1.200735669140889,1.1095295321416856,1.1200139922995278,1.1152715409965632,1.1376092083191789
30,6,2025-11-17,2025-11-18,0.0008179866437727127,0.0001313689635316133,0.0025771303997143002,0.0013054231579399014,0.00099767900418389,1.2017178548809477,1.1096752898863307,1.1229004144071881,1.1167274422935716,1.1387441771412852
30,6,2025-11-17,2025-11-19,0.011279364176024258,0.006525144693709421,0.006523913134930433,0.002172028683530135,0.002132969551569655,1.2152724682029805,1.1169160817158728,1.1302261191699579,1.1191530063299184,1.1411730837981549
30,6,2025-11-17,2025-11-20,-0.014565884729586332,-0.013609972073056031,-0.010881760430315314,-0.010343278623876068,-0.008167889999496265,1.197570949516096,1.1017148850357725,1.1179272693090654,1.1075772949626996,1.1318521075793055
30,6,2025-11-17,2025-11-21,0.011754476720229414,0.0025422468717272635,0.01114154245985068,0.0013228189028984842,0.003279255852692756,1.2116477693630059,1.1045157162557901,1.1303827034470972,1.1090424191448973,1.1355637402274676
30,6,2025-11-17,2025-11-24,0.014663539913377073,0.011446880223771608,0.0069140128494876284,0.009807446024186244,0.005309079353233907,1.2294148147900146,1.1171589753650435,1.1381981839835689,1.1199192928091937,1.1415925382349905
30,6,2025-11-17,2025-11-25,0.015520392401202883,0.012298372746679866,0.014235292789603773,0.010696529043467901,0.010532602981348612,1.2484958151394077,1.1308982128613818,1.1544007683851703,1.1318985420510672,1.1536164792066896
30,6,2025-11-17,2025-11-26,0.01125240951179264,0.013329989416927628,0.008598092110440573,0.010894635135295148,0.009869943939283282,1.2625444013251157,1.1459730740704464,1.1643264125241093,1.1442301636768861,1.165002609183893
30,6,2025-11-17,2025-11-28,0.008383027545672288,0.0098340349578429,0.00624000585138482,0.00692475100708408,0.006728547422250843,1.2731283458190583,1.1572426133416018,1.1715918161511816,1.1521536726551436,1.1728413844868328
30,6,2025-11-17,2025-12-01,-0.00783787411929826,-0.00987274210477687,-0.00521521374601766,-0.009129024575478104,-0.007560983165255459,1.263149726106818,1.1458174554674223,1.165481714406868,1.1416356334627473,1.163973550523213
30,6,2025-11-17,2025-12-02,0.007004587965388329,0.0006428153246734782,0.00169135603557136,0.0015969281362065656,-0.0007688138883261391,1.2719975694767895,1.1465540044870752,1.1674529589388782,1.14345874352712,1.1630786714919263
30,6,2025-11-17,2025-12-03,0.025385703179249913,0.01872466494594901,0.020366758835822358,0.015224157553016525,0.013342540311159678,1.3042881222202547,1.1680228440635319,1.1912301918057535,1.1608669395939513,1.1785970955513576
30,6,2025-11-17,2025-12-04,0.007174232893766616,0.006499300828273262,0.005793400568460334,0.0050524872541508154,0.003286812879853631,1.3136453889696362,1.175614175901396,1.1981314654761281,1.1667322050100148,1.1824709236651738
30,6,2025-11-17,2025-12-05,0.005709671994389393,0.0019992056470104136,0.00029977047168013976,0.0009842307980918211,-0.0005201619371782709,1.321145873257595,1.1779644704005636,1.1984906299106686,1.1678805387793114,1.1818558472988632
30,6,2025-11-17,2025-12-08,-0.0005794705657683859,0.000844378639566976,-0.00036199657175887295,0.003770191129182588,0.003585081139394194,1.3203803081109557,1.1789591184375385,1.1980567804113558,1.172283671626562,1.1860928964064972
30,6,2025-11-17,2025-12-09,0.0023119889511478316,-0.0027921420509790912,0.00123075372063816,-0.003237937875768521,-0.0023524746794811877,1.3234330127946214,1.1756672971065638,1.1995312932513829,1.1684878899250575,1.1833026429001885
30,6,2025-11-17,2025-12-10,0.018548801908186443,0.013699717521287484,0.015706716546158253,0.007876624365223971,0.009048811070076362,1.3479811095877035,1.1917736069759393,1.2183719912627289,1.1776916301093103,1.1940101249545143
30,6,2025-11-17,2025-12-11,0.01375512412874034,0.01640111531054116,0.016129195536251306,0.020387804408386147,0.020848129921051447,1.3665227570732794,1.2113200233280113,1.2380233513456973,1.2017021767173723,1.2189030031666168
30,6,2025-11-17,2025-12-12,-0.0057417544946610265,-0.0046447396947241785,-0.0024301282023141734,-0.002268814979304234,-0.0001661392526328318,1.3586765188907972,1.2056937571326454,1.2350147958844686,1.1989757368181735,1.2187004955326388
30,6,2025-11-17,2025-12-15,0.0028940353934385644,-0.0010726976791243159,0.0005859804756996687,0.00043313335997625306,0.0007767609942877587,1.3626085768247012,1.2044004122376344,1.235738490442057,1.1994950532075916,1.2196471345412876
30,6,2025-11-17,2025-12-16,-0.006535486814419628,-0.0058746199172887556,-0.005496815789421201,-0.0060725889242196854,-0.0048922373301559605,1.3537032664376483,1.1973250175875123,1.2289458635961996,1.192211012832827,1.213680331300067
30,6,2025-11-17,2025-12-17,-0.005532639533227679,-0.0026078260337456583,-0.001077058002207473,-0.0002749398357406715,0.0003194712633100759,1.3462137142294959,1.1942026022357926,1.2276222176195335,1.1918832265327906,1.214068067288762
30,6,2025-11-17,2025-12-18,0.0006484151476469796,-0.003281620334684882,-0.002545286548006045,-0.008460017961734045,-0.005658869541275169,1.3470866195937723,1.190283682692562,1.2244975673029932,1.1817998730280337,1.2071978144817468
30,6,2025-11-17,2025-12-19,0.014466026489555642,0.015585346387207315,0.00989523222444408,0.013367742345630452,0.012089212254671544,1.366573610316542,1.2088346661863663,1.2366142550897232,1.1975978692347713,1.2217918850943923
30,6,2025-11-17,2025-12-22,0.01425289610316519,0.01765674269582431,0.014628095507798974,0.012419823000229044,0.013038698027885584,1.386051242001711,1.2301787488490117,1.2547035665194812,1.2124718227961186,1.2377224605370591
30,6,2025-11-17,2025-12-23,0.003394849554926352,0.00450864070682157,0.00239742331379052,0.004247738028352262,0.003638761501339599,1.3907566774437257,1.2357251828327391,1.257711622101751,1.2176220854661153,1.2422262373758046
30,6,2025-11-17,2025-12-24,0.008604112877291997,0.00920687803547393,0.006708908317208034,0.007089034096061111,0.005937798566355231,1.402722904881299,1.2471023538764439,1.2661494940639186,1.2262538499461018,1.2496023265471834
30,6,2025-11-17,2025-12-26,-0.002218320897589845,-0.002703994851992547,-0.0006286737558514803,-0.000496001451682238,-0.0008907485432042796,1.3996112153478728,1.2437301955316542,1.265353499106016,1.2256456262563975,1.2484892450952267
30,6,2025-11-17,2025-12-29,-0.013930319707407298,-0.010246266085446092,-0.008112545249346126,-0.0058306097105103386,-0.006916697121732249,1.3801141836520041,1.230986605009733,1.2550882615881,1.2184993649663025,1.239853823127163
30,6,2025-11-17,2025-12-30,-0.005507299212754986,-0.006377526936368065,-0.004893510379436387,-0.0047590352896682946,-0.00474508581524879,1.3725134818948654,1.223135954777975,1.24894647415291,1.2127004834879895,1.2339706103380603
30,6,2025-11-17,2025-12-31,-0.007526799348640086,-0.006811102476933378,-0.007780244832424908,-0.007598492035374635,-0.0067542979334857395,1.3621828483133394,1.2148050504467605,1.2392293648014066,1.203485788522911,1.225636005194672
